CustomerID,Churn,Tenure,WarehouseToHome,PreferredLoginDevice,PreferredPaymentMode,NumberOfDeviceRegistered,NumberOfAddress,CashbackAmount,OrderCount,DaySinceLastOrder
1,1,41.0,18.0,Mobile Phone,Debit Card,1,3,115.0,5,34.0
2,0,29.0,17.0,Mobile Phone,Credit Card,5,2,409.0,14,7.0
3,0,50.0,16.0,Laptop,Cash on Delivery,1,5,13.0,16,17.0
4,0,32.0,27.0,Laptop,Credit Card,2,6,82.0,6,16.0
5,1,24.0,4.0,Mobile Phone,Cash on Delivery,2,1,238.0,5,29.0
6,1,14.0,18.0,Laptop,Cash on Delivery,5,2,163.0,8,36.0
7,1,34.0,13.0,Mobile Phone,Debit Card,4,3,379.0,16,48.0
8,0,25.0,14.0,Mobile Phone,Credit Card,1,2,332.0,3,44.0
9,0,51.0,8.0,Mobile Phone,Debit Card,1,4,136.0,14,20.0
10,1,41.0,18.0,Laptop,Credit Card,4,1,366.0,8,36.0
11,1,32.0,20.0,Mobile Phone,Cash on Delivery,1,5,227.0,16,32.0
12,1,28.0,9.0,Mobile Phone,Credit Card,1,6,258.0,16,32.0
13,0,41.0,22.0,Mobile Phone,Credit Card,3,1,326.0,10,29.0
14,0,18.0,16.0,Mobile Phone,Cash on Delivery,4,9,119.0,5,18.0
15,0,4.0,16.0,Mobile Phone,Credit Card,5,6,27.0,8,26.0
16,0,14.0,14.0,Mobile Phone,Cash on Delivery,4,3,118.0,17,20.0
17,1,33.0,8.0,Mobile Phone,Debit Card,5,5,81.0,13,10.0
18,1,62.0,37.0,Mobile Phone,Credit Card,4,7,196.0,17,9.0
19,0,47.0,30.0,Laptop,Cash on Delivery,5,5,225.0,3,6.0
20,1,34.0,11.0,Laptop,Credit Card,4,8,477.0,8,2.0
21,1,28.0,0.0,Mobile Phone,Debit Card,4,9,94.0,5,13.0
22,0,28.0,27.0,Mobile Phone,Debit Card,4,8,65.0,17,8.0
23,1,31.0,20.0,Mobile Phone,Cash on Delivery,3,5,301.0,17,26.0
24,1,32.0,9.0,Mobile Phone,Cash on Delivery,2,8,42.0,2,3.0
25,0,52.0,14.0,Mobile Phone,Debit Card,2,3,374.0,8,52.0
26,1,9.0,13.0,Mobile Phone,Debit Card,3,9,331.0,17,35.0
27,0,48.0,19.0,Mobile Phone,Debit Card,2,3,464.0,6,37.0
28,0,26.0,18.0,Mobile Phone,Credit Card,4,7,15.0,16,29.0
29,1,15.0,16.0,Laptop,Cash on Delivery,1,5,293.0,7,29.0
30,0,32.0,16.0,Laptop,Cash on Delivery,3,3,150.0,2,3.0
31,1,30.0,7.0,Mobile Phone,Credit Card,1,8,174.0,15,34.0
32,0,51.0,16.0,Mobile Phone,Credit Card,2,7,52.0,17,19.0
33,0,22.0,15.0,Mobile Phone,Credit Card,1,9,409.0,10,2.0
34,1,53.0,12.0,Mobile Phone,Cash on Delivery,1,8,181.0,12,32.0
35,0,32.0,16.0,Mobile Phone,Debit Card,1,5,41.0,3,49.0
36,1,32.0,14.0,Mobile Phone,Debit Card,1,7,9.0,12,45.0
37,0,28.0,13.0,Laptop,Debit Card,1,9,80.0,16,2.0
38,1,64.0,19.0,Mobile Phone,Credit Card,1,7,111.0,14,54.0
39,1,32.0,18.0,Laptop,Cash on Delivery,3,6,79.0,8,23.0
40,1,29.0,21.0,Mobile Phone,Debit Card,1,4,420.0,9,28.0
41,0,57.0,27.0,Mobile Phone,Cash on Delivery,2,5,269.0,10,29.0
42,1,34.0,17.0,Mobile Phone,Cash on Delivery,2,5,116.0,5,29.0
43,1,16.0,8.0,Mobile Phone,Credit Card,2,5,233.5,16,43.0
44,1,28.0,20.0,Laptop,Credit Card,1,5,306.0,16,48.0
45,0,13.0,27.0,Laptop,Credit Card,4,8,322.0,17,24.0
46,0,15.0,19.0,Mobile Phone,Debit Card,5,1,177.0,9,53.0
47,1,46.0,8.0,Mobile Phone,Cash on Delivery,5,8,456.0,10,18.0
48,0,36.0,17.0,Mobile Phone,Credit Card,1,5,154.0,10,31.0
49,1,21.0,13.0,Mobile Phone,Credit Card,1,9,418.0,15,27.0
50,0,32.0,14.0,Laptop,Debit Card,5,8,450.0,1,29.0
51,1,21.0,16.0,Mobile Phone,Credit Card,5,9,233.5,7,29.0
52,1,36.0,15.0,Mobile Phone,Cash on Delivery,1,7,233.5,4,25.0
53,0,36.0,15.0,Mobile Phone,Debit Card,5,4,104.0,17,2.0
54,1,45.0,8.0,Laptop,Credit Card,4,4,233.5,12,17.0
55,1,-4.0,24.0,Mobile Phone,Credit Card,2,1,419.0,5,49.0
56,1,39.0,11.0,Laptop,Credit Card,2,2,258.0,3,37.0
57,0,52.0,23.0,Mobile Phone,Cash on Delivery,5,5,233.5,4,24.0
58,1,51.0,17.0,Mobile Phone,Credit Card,4,7,241.0,7,40.0
59,1,44.0,22.0,Laptop,Cash on Delivery,2,3,363.0,10,2.0
60,0,32.0,8.0,Mobile Phone,Credit Card,2,2,104.0,9,23.0
61,1,31.0,12.0,Mobile Phone,Cash on Delivery,3,5,100.0,9,53.0
62,0,4.0,15.0,Mobile Phone,Credit Card,5,1,233.5,10,14.0
63,1,21.0,12.0,Mobile Phone,Debit Card,4,7,55.0,1,35.0
64,1,27.0,14.0,Mobile Phone,Credit Card,2,5,186.0,2,30.0
65,1,12.0,9.0,Mobile Phone,Credit Card,5,7,31.0,17,24.0
66,1,7.0,16.0,Mobile Phone,Debit Card,2,7,159.0,10,29.0
67,0,22.0,15.0,Laptop,Credit Card,2,8,235.0,10,13.0
68,0,9.0,15.0,Laptop,Debit Card,3,5,233.5,7,20.0
69,1,30.0,12.0,Mobile Phone,Debit Card,4,7,243.0,14,44.0
70,1,10.0,16.0,Laptop,Credit Card,3,2,348.0,11,42.0
71,0,32.0,19.0,Mobile Phone,Cash on Delivery,3,1,93.0,13,9.0
72,0,32.0,10.0,Mobile Phone,Cash on Delivery,3,9,98.0,13,14.0
73,0,19.0,23.0,Mobile Phone,Debit Card,1,7,407.0,9,52.0
74,1,28.0,11.0,Laptop,Credit Card,3,9,377.0,7,16.0
75,1,25.0,9.0,Mobile Phone,Cash on Delivery,1,5,94.0,4,54.0
76,1,32.0,16.0,Laptop,Debit Card,2,3,319.0,14,39.0
77,1,29.0,14.0,Mobile Phone,Credit Card,4,2,105.0,5,9.0
78,0,29.0,26.0,Laptop,Debit Card,2,2,323.0,15,10.0
79,1,24.0,7.0,Mobile Phone,Debit Card,3,5,157.0,6,38.0
80,0,21.0,9.0,Mobile Phone,Credit Card,5,2,81.0,2,40.0
81,1,37.0,14.0,Mobile Phone,Debit Card,3,7,265.0,6,5.0
82,0,26.0,14.0,Laptop,Credit Card,5,3,196.0,6,26.0
83,1,-0.0,12.0,Mobile Phone,Credit Card,2,6,347.0,13,2.0
84,0,28.0,23.0,Mobile Phone,Cash on Delivery,2,8,386.0,14,24.0
85,0,27.0,11.0,Laptop,Credit Card,5,1,447.0,12,15.0
86,1,44.0,11.0,Laptop,Debit Card,3,7,224.0,17,35.0
87,0,32.0,7.0,Mobile Phone,Credit Card,5,9,129.0,11,26.0
88,0,67.0,26.0,Laptop,Credit Card,4,7,307.0,2,23.0
89,0,24.0,17.0,Mobile Phone,Debit Card,3,7,269.0,5,45.0
90,1,43.0,8.0,Mobile Phone,Cash on Delivery,1,4,375.0,10,8.0
91,0,42.0,24.0,Mobile Phone,Cash on Delivery,1,8,363.0,17,29.0
92,1,7.0,25.0,Mobile Phone,Cash on Delivery,2,1,233.5,17,4.0
93,0,4.0,17.0,Mobile Phone,Credit Card,3,4,92.0,4,18.0
94,0,3.0,13.0,Mobile Phone,Credit Card,3,6,233.5,9,2.0
95,1,33.0,8.0,Laptop,Cash on Delivery,3,9,326.0,9,29.0
96,1,23.0,9.0,Mobile Phone,Debit Card,5,3,395.0,11,7.0
97,0,50.0,8.0,Mobile Phone,Cash on Delivery,4,8,359.0,14,13.0
98,0,26.0,14.0,Laptop,Cash on Delivery,1,2,303.0,13,27.0
99,0,51.0,15.0,Mobile Phone,Cash on Delivery,5,5,421.0,7,42.0
100,0,41.0,13.0,Mobile Phone,Debit Card,2,5,423.0,5,38.0
101,1,62.0,16.0,Mobile Phone,Cash on Delivery,4,3,233.5,2,39.0
102,1,-0.0,25.0,Laptop,Credit Card,4,7,233.5,5,31.0
103,0,32.0,19.0,Laptop,Credit Card,3,3,286.0,12,17.0
104,0,27.0,-2.0,Laptop,Debit Card,1,4,157.0,10,29.0
105,0,37.0,11.0,Mobile Phone,Credit Card,3,3,470.0,10,37.0
106,1,41.0,25.0,Mobile Phone,Cash on Delivery,5,3,343.0,2,50.0
107,1,23.0,10.0,Mobile Phone,Cash on Delivery,4,7,389.0,7,32.0
108,0,17.0,23.0,Mobile Phone,Debit Card,5,2,275.0,17,18.0
109,1,53.0,18.0,Mobile Phone,Cash on Delivery,1,9,20.0,4,9.0
110,1,39.0,21.0,Mobile Phone,Debit Card,4,7,468.0,7,16.0
111,1,48.0,12.0,Laptop,Credit Card,1,7,318.0,13,6.0
112,1,53.0,12.0,Laptop,Cash on Delivery,3,5,150.0,10,47.0
113,0,32.0,-2.0,Mobile Phone,Debit Card,4,1,183.0,8,46.0
114,1,37.0,24.0,Laptop,Credit Card,4,7,64.0,2,41.0
115,0,22.0,24.0,Mobile Phone,Credit Card,1,4,52.0,7,44.0
116,1,36.0,9.0,Laptop,Credit Card,1,1,431.0,16,53.0
117,1,49.0,9.0,Mobile Phone,Debit Card,5,9,339.0,9,54.0
118,0,26.0,21.0,Mobile Phone,Debit Card,3,9,86.0,3,22.0
119,1,22.0,31.0,Mobile Phone,Cash on Delivery,4,6,95.0,7,43.0
120,1,4.0,34.0,Mobile Phone,Cash on Delivery,2,4,249.0,10,47.0
121,1,35.0,6.0,Laptop,Credit Card,5,5,388.0,5,12.0
122,1,31.0,28.0,Laptop,Cash on Delivery,3,4,21.0,14,46.0
123,1,27.0,13.0,Mobile Phone,Credit Card,1,7,11.0,10,15.0
124,1,42.0,19.0,Mobile Phone,Debit Card,5,7,37.0,11,40.0
125,1,33.0,14.0,Mobile Phone,Debit Card,5,6,14.0,3,28.0
126,0,40.0,6.0,Mobile Phone,Cash on Delivery,2,7,422.0,6,36.0
127,1,73.0,10.0,Laptop,Credit Card,5,4,116.0,15,43.0
128,0,49.0,28.0,Laptop,Cash on Delivery,4,1,3.0,2,47.0
129,1,35.0,19.0,Mobile Phone,Debit Card,2,6,205.0,5,35.0
130,1,34.0,3.0,Mobile Phone,Credit Card,2,1,407.0,12,16.0
131,1,26.0,20.0,Mobile Phone,Credit Card,3,5,29.0,15,10.0
132,1,34.0,26.0,Mobile Phone,Debit Card,5,8,147.0,4,28.0
133,0,19.0,15.0,Mobile Phone,Cash on Delivery,3,8,471.0,12,29.0
134,1,33.0,28.0,Mobile Phone,Credit Card,5,5,209.0,15,11.0
135,1,8.0,17.0,Mobile Phone,Credit Card,2,7,428.0,5,40.0
136,0,47.0,12.0,Mobile Phone,Credit Card,4,3,192.0,1,7.0
137,1,58.0,19.0,Laptop,Debit Card,1,4,264.0,9,44.0
138,0,23.0,14.0,Mobile Phone,Credit Card,2,1,176.0,15,33.0
139,0,17.0,11.0,Laptop,Cash on Delivery,3,3,275.0,7,5.0
140,0,32.0,17.0,Mobile Phone,Debit Card,3,9,175.0,8,36.0
141,0,40.0,16.0,Mobile Phone,Cash on Delivery,1,2,477.0,10,24.0
142,0,41.0,25.0,Laptop,Cash on Delivery,2,4,337.0,10,43.0
143,0,46.0,6.0,Mobile Phone,Credit Card,1,9,195.0,2,10.0
144,0,3.0,5.0,Laptop,Debit Card,1,5,277.0,1,39.0
145,0,52.0,13.0,Mobile Phone,Debit Card,3,5,233.5,13,29.0
146,0,29.0,12.0,Mobile Phone,Credit Card,1,6,159.0,14,40.0
147,0,47.0,17.0,Laptop,Cash on Delivery,1,9,451.0,1,45.0
148,0,59.0,15.0,Mobile Phone,Credit Card,5,3,269.0,4,22.0
149,0,27.0,13.0,Mobile Phone,Debit Card,1,3,259.0,5,47.0
150,1,40.0,8.0,Laptop,Credit Card,5,2,64.0,11,29.0
151,0,27.0,22.0,Laptop,Cash on Delivery,4,2,393.0,2,50.0
152,0,28.0,16.0,Mobile Phone,Debit Card,1,4,113.0,16,46.0
153,1,54.0,5.0,Mobile Phone,Credit Card,5,6,444.0,16,48.0
154,0,32.0,21.0,Laptop,Credit Card,4,3,87.0,13,6.0
155,1,45.0,22.0,Mobile Phone,Cash on Delivery,5,4,178.0,9,34.0
156,1,42.0,16.0,Laptop,Credit Card,2,5,196.0,5,29.0
157,1,52.0,19.0,Laptop,Credit Card,5,1,215.0,8,22.0
158,0,62.0,21.0,Laptop,Debit Card,3,7,327.0,7,39.0
159,1,42.0,10.0,Mobile Phone,Debit Card,5,2,95.0,1,35.0
160,0,47.0,13.0,Laptop,Cash on Delivery,3,1,257.0,6,22.0
161,1,57.0,30.0,Laptop,Cash on Delivery,5,9,429.0,13,40.0
162,1,40.0,7.0,Mobile Phone,Debit Card,2,7,230.0,6,28.0
163,0,18.0,18.0,Mobile Phone,Cash on Delivery,1,5,233.5,2,45.0
164,0,55.0,5.0,Mobile Phone,Debit Card,4,3,407.0,1,19.0
165,1,36.0,22.0,Mobile Phone,Credit Card,2,4,21.0,6,29.0
166,0,55.0,24.0,Mobile Phone,Credit Card,3,4,207.0,3,12.0
167,0,-8.0,25.0,Mobile Phone,Credit Card,4,3,139.0,9,26.0
168,0,54.0,16.0,Laptop,Credit Card,1,3,233.5,16,51.0
169,1,42.0,17.0,Laptop,Credit Card,1,8,66.0,6,6.0
170,1,33.0,13.0,Laptop,Credit Card,5,8,222.0,5,47.0
171,1,47.0,17.0,Laptop,Cash on Delivery,5,5,168.0,16,29.0
172,0,50.0,22.0,Laptop,Credit Card,1,5,447.0,11,4.0
173,1,44.0,5.0,Mobile Phone,Debit Card,5,3,233.5,5,27.0
174,1,45.0,25.0,Laptop,Credit Card,2,4,466.0,8,18.0
175,0,20.0,15.0,Mobile Phone,Cash on Delivery,2,6,233.5,17,49.0
176,1,16.0,11.0,Mobile Phone,Credit Card,3,5,130.0,13,29.0
177,0,32.0,22.0,Laptop,Cash on Delivery,5,4,114.0,8,1.0
178,0,32.0,17.0,Mobile Phone,Cash on Delivery,5,4,101.0,11,26.0
179,0,28.0,18.0,Mobile Phone,Credit Card,1,7,398.0,5,29.0
180,0,25.0,25.0,Mobile Phone,Credit Card,5,1,142.0,12,33.0
181,1,33.0,5.0,Laptop,Debit Card,5,7,416.0,3,29.0
182,1,43.0,8.0,Mobile Phone,Credit Card,5,1,353.0,10,52.0
183,1,16.0,7.0,Mobile Phone,Credit Card,5,3,449.0,17,45.0
184,1,33.0,21.0,Mobile Phone,Cash on Delivery,4,5,366.0,14,29.0
185,0,53.0,15.0,Laptop,Credit Card,1,3,274.0,16,47.0
186,1,24.0,20.0,Mobile Phone,Debit Card,2,5,446.0,9,15.0
187,0,64.0,16.0,Laptop,Debit Card,1,6,172.0,11,20.0
188,0,46.0,24.0,Mobile Phone,Credit Card,3,6,135.0,17,47.0
189,1,26.0,19.0,Laptop,Debit Card,4,3,103.0,8,5.0
190,0,41.0,7.0,Mobile Phone,Cash on Delivery,3,6,395.0,16,31.0
191,0,32.0,7.0,Laptop,Debit Card,2,7,76.0,12,5.0
192,1,34.0,23.0,Mobile Phone,Cash on Delivery,2,3,126.0,1,35.0
193,0,28.0,11.0,Laptop,Credit Card,2,6,107.0,10,42.0
194,0,31.0,21.0,Mobile Phone,Debit Card,1,9,341.0,8,36.0
195,0,35.0,13.0,Mobile Phone,Credit Card,5,3,319.0,9,44.0
196,0,23.0,11.0,Mobile Phone,Debit Card,4,1,258.0,3,15.0
197,1,27.0,18.0,Mobile Phone,Debit Card,3,7,413.0,12,49.0
198,1,48.0,21.0,Mobile Phone,Cash on Delivery,3,2,436.0,11,31.0
199,1,30.0,20.0,Mobile Phone,Cash on Delivery,2,2,299.0,16,24.0
200,1,63.0,17.0,Mobile Phone,Credit Card,5,5,120.0,1,12.0
201,1,43.0,21.0,Mobile Phone,Cash on Delivery,5,4,233.5,8,26.0
202,1,28.0,17.0,Mobile Phone,Credit Card,2,7,233.5,9,1.0
203,0,30.0,22.0,Laptop,Credit Card,2,6,35.0,13,12.0
204,0,23.0,18.0,Mobile Phone,Cash on Delivery,5,8,38.0,10,47.0
205,1,32.0,16.0,Mobile Phone,Credit Card,2,1,453.0,7,50.0
206,0,32.0,26.0,Mobile Phone,Credit Card,1,8,362.0,12,34.0
207,1,31.0,15.0,Mobile Phone,Credit Card,3,9,314.0,6,47.0
208,1,46.0,9.0,Laptop,Cash on Delivery,5,4,35.0,16,37.0
209,1,24.0,16.0,Mobile Phone,Cash on Delivery,5,5,432.0,12,48.0
210,0,28.0,3.0,Mobile Phone,Cash on Delivery,5,2,476.0,5,29.0
211,1,23.0,28.0,Laptop,Cash on Delivery,2,1,227.0,14,22.0
212,0,31.0,21.0,Mobile Phone,Debit Card,4,2,46.0,15,35.0
213,0,31.0,12.0,Mobile Phone,Debit Card,5,7,137.0,1,29.0
214,1,33.0,26.0,Laptop,Credit Card,3,1,141.0,6,19.0
215,1,44.0,36.0,Laptop,Credit Card,4,1,149.0,8,42.0
216,0,48.0,11.0,Mobile Phone,Cash on Delivery,3,8,254.0,4,44.0
217,1,49.0,16.0,Mobile Phone,Credit Card,1,5,457.0,5,29.0
218,0,16.0,21.0,Laptop,Credit Card,2,8,343.0,12,27.0
219,1,40.0,3.0,Laptop,Credit Card,3,5,39.0,14,29.0
220,0,32.0,29.0,Mobile Phone,Credit Card,1,4,283.0,9,37.0
221,1,32.0,13.0,Mobile Phone,Cash on Delivery,1,1,369.0,11,44.0
222,0,15.0,15.0,Mobile Phone,Credit Card,2,4,387.0,9,19.0
223,0,59.0,17.0,Laptop,Cash on Delivery,2,9,217.0,4,46.0
224,0,14.0,14.0,Mobile Phone,Credit Card,1,6,178.0,11,29.0
225,0,28.0,10.0,Mobile Phone,Credit Card,2,5,111.0,8,27.0
226,1,39.0,16.0,Mobile Phone,Cash on Delivery,4,7,34.0,7,5.0
227,0,33.0,22.0,Mobile Phone,Cash on Delivery,4,9,170.0,2,30.0
228,0,22.0,12.0,Mobile Phone,Cash on Delivery,2,2,102.0,1,44.0
229,1,44.0,16.0,Mobile Phone,Credit Card,2,5,292.0,13,27.0
230,1,54.0,9.0,Laptop,Cash on Delivery,4,2,174.0,9,13.0
231,1,26.0,16.0,Mobile Phone,Credit Card,3,7,469.0,6,41.0
232,0,35.0,15.0,Mobile Phone,Cash on Delivery,5,1,409.0,9,9.0
233,1,8.0,15.0,Laptop,Cash on Delivery,4,1,75.0,5,15.0
234,1,30.0,15.0,Mobile Phone,Cash on Delivery,5,2,117.0,5,15.0
235,1,39.0,15.0,Mobile Phone,Cash on Delivery,3,7,64.0,3,14.0
236,0,34.0,16.0,Laptop,Debit Card,3,4,90.0,16,49.0
237,1,15.0,4.0,Mobile Phone,Debit Card,1,6,278.0,12,39.0
238,0,20.0,16.0,Mobile Phone,Cash on Delivery,5,4,426.0,2,42.0
239,0,31.0,11.0,Mobile Phone,Debit Card,1,8,27.0,1,30.0
240,0,30.0,14.0,Mobile Phone,Credit Card,5,2,367.0,15,15.0
241,0,37.0,0.0,Mobile Phone,Cash on Delivery,1,4,132.0,14,31.0
242,1,37.0,17.0,Mobile Phone,Cash on Delivery,2,1,403.0,13,2.0
243,0,30.0,9.0,Mobile Phone,Credit Card,1,4,230.0,1,46.0
244,0,17.0,26.0,Mobile Phone,Cash on Delivery,4,4,261.0,15,20.0
245,1,32.0,19.0,Laptop,Cash on Delivery,4,1,92.0,1,45.0
246,0,44.0,28.0,Mobile Phone,Credit Card,4,1,322.0,15,13.0
247,0,33.0,8.0,Mobile Phone,Debit Card,3,4,293.0,16,53.0
248,0,38.0,12.0,Laptop,Cash on Delivery,3,7,114.0,17,35.0
249,1,40.0,18.0,Mobile Phone,Debit Card,3,8,233.5,12,2.0
250,1,72.0,24.0,Mobile Phone,Credit Card,1,4,269.0,10,15.0
251,1,46.0,13.0,Laptop,Cash on Delivery,3,6,73.0,12,38.0
252,1,32.0,18.0,Laptop,Debit Card,1,9,287.0,15,29.0
253,0,14.0,12.0,Mobile Phone,Cash on Delivery,3,8,136.0,3,40.0
254,1,20.0,11.0,Laptop,Cash on Delivery,1,8,295.0,13,32.0
255,1,30.0,7.0,Laptop,Debit Card,4,3,185.0,12,36.0
256,1,28.0,27.0,Mobile Phone,Credit Card,1,5,55.0,17,29.0
257,1,28.0,10.0,Mobile Phone,Cash on Delivery,5,8,297.0,4,6.0
258,0,35.0,10.0,Mobile Phone,Cash on Delivery,2,4,334.0,17,26.0
259,0,28.0,11.0,Mobile Phone,Credit Card,1,8,96.0,13,40.0
260,1,46.0,11.0,Mobile Phone,Cash on Delivery,5,7,224.0,5,34.0
261,1,23.0,18.0,Mobile Phone,Debit Card,3,9,203.0,17,25.0
262,0,57.0,6.0,Mobile Phone,Cash on Delivery,1,2,365.0,2,38.0
263,0,70.0,8.0,Mobile Phone,Cash on Delivery,4,8,144.0,8,23.0
264,0,25.0,5.0,Mobile Phone,Credit Card,3,7,461.0,16,41.0
265,1,23.0,15.0,Mobile Phone,Debit Card,2,3,238.0,15,31.0
266,1,44.0,12.0,Laptop,Cash on Delivery,1,7,100.0,2,39.0
267,1,45.0,16.0,Mobile Phone,Credit Card,2,8,59.0,3,28.0
268,1,40.0,7.0,Mobile Phone,Cash on Delivery,4,7,91.0,9,31.0
269,0,44.0,15.0,Mobile Phone,Debit Card,4,6,343.0,10,32.0
270,1,15.0,21.0,Laptop,Debit Card,4,2,95.0,4,48.0
271,0,23.0,20.0,Mobile Phone,Credit Card,1,6,191.0,3,43.0
272,1,40.0,20.0,Laptop,Debit Card,4,5,311.0,4,44.0
273,0,36.0,18.0,Mobile Phone,Credit Card,1,1,274.0,5,32.0
274,1,37.0,11.0,Mobile Phone,Credit Card,3,7,209.0,4,50.0
275,1,31.0,14.0,Laptop,Credit Card,5,1,394.0,13,19.0
276,0,32.0,18.0,Mobile Phone,Cash on Delivery,2,7,333.0,11,54.0
277,1,28.0,10.0,Laptop,Credit Card,4,8,198.0,1,13.0
278,0,53.0,16.0,Mobile Phone,Debit Card,5,8,359.0,9,6.0
279,0,25.0,28.0,Mobile Phone,Credit Card,5,6,335.0,2,27.0
280,1,46.0,11.0,Laptop,Credit Card,5,6,358.0,11,37.0
281,1,26.0,24.0,Mobile Phone,Cash on Delivery,2,1,233.5,5,15.0
282,0,46.0,8.0,Laptop,Debit Card,5,5,473.0,4,29.0
283,1,32.0,20.0,Laptop,Debit Card,5,7,188.0,17,50.0
284,1,21.0,4.0,Laptop,Credit Card,5,5,416.0,3,22.0
285,0,32.0,6.0,Mobile Phone,Cash on Delivery,3,4,216.0,11,41.0
286,0,6.0,21.0,Mobile Phone,Credit Card,2,7,71.0,12,16.0
287,0,17.0,27.0,Laptop,Cash on Delivery,2,8,362.0,3,29.0
288,0,32.0,20.0,Mobile Phone,Cash on Delivery,4,3,164.0,1,32.0
289,1,41.0,20.0,Mobile Phone,Cash on Delivery,3,1,20.0,9,42.0
290,1,32.0,16.0,Laptop,Credit Card,5,5,11.0,2,36.0
291,1,36.0,23.0,Mobile Phone,Cash on Delivery,2,7,58.0,3,17.0
292,1,41.0,17.0,Mobile Phone,Debit Card,2,9,324.0,7,29.0
293,0,34.0,19.0,Mobile Phone,Debit Card,3,8,233.5,3,23.0
294,0,41.0,16.0,Laptop,Debit Card,1,7,348.0,11,1.0
295,0,47.0,20.0,Mobile Phone,Credit Card,5,9,104.0,15,29.0
296,0,29.0,20.0,Mobile Phone,Credit Card,3,9,427.0,16,41.0
297,0,14.0,16.0,Mobile Phone,Credit Card,5,2,10.0,9,52.0
298,1,16.0,17.0,Mobile Phone,Cash on Delivery,3,2,105.0,17,34.0
299,0,24.0,11.0,Mobile Phone,Cash on Delivery,4,1,153.0,5,6.0
300,0,5.0,7.0,Mobile Phone,Debit Card,1,4,312.0,15,36.0
301,1,41.0,26.0,Laptop,Cash on Delivery,4,5,177.0,16,17.0
302,1,51.0,11.0,Mobile Phone,Credit Card,5,3,389.0,2,44.0
303,1,23.0,24.0,Laptop,Cash on Delivery,3,8,384.0,17,41.0
304,0,16.0,20.0,Mobile Phone,Cash on Delivery,4,1,225.0,6,21.0
305,1,57.0,20.0,Laptop,Credit Card,5,9,283.0,7,5.0
306,1,31.0,21.0,Mobile Phone,Cash on Delivery,5,1,276.0,11,29.0
307,0,35.0,8.0,Mobile Phone,Debit Card,3,1,368.0,17,6.0
308,1,43.0,30.0,Mobile Phone,Credit Card,4,8,474.0,15,4.0
309,1,33.0,16.0,Mobile Phone,Cash on Delivery,1,6,371.0,5,24.0
310,0,32.0,20.0,Laptop,Credit Card,5,2,25.0,12,21.0
311,1,39.0,16.0,Mobile Phone,Cash on Delivery,5,3,379.0,5,20.0
312,1,30.0,23.0,Laptop,Debit Card,4,2,247.0,1,37.0
313,1,26.0,11.0,Mobile Phone,Debit Card,5,3,258.0,15,13.0
314,1,16.0,22.0,Mobile Phone,Credit Card,1,6,379.0,10,14.0
315,1,35.0,18.0,Laptop,Credit Card,5,3,168.0,12,44.0
316,0,18.0,7.0,Mobile Phone,Credit Card,4,2,295.0,1,24.0
317,0,25.0,24.0,Laptop,Cash on Delivery,4,6,69.0,3,35.0
318,0,60.0,16.0,Mobile Phone,Credit Card,1,9,72.0,7,33.0
319,1,23.0,15.0,Mobile Phone,Debit Card,5,6,163.0,8,52.0
320,1,62.0,10.0,Mobile Phone,Debit Card,4,5,297.0,6,35.0
321,0,43.0,4.0,Laptop,Credit Card,1,4,375.0,11,39.0
322,0,32.0,12.0,Laptop,Debit Card,1,2,68.0,17,36.0
323,1,39.0,10.0,Laptop,Credit Card,4,6,377.0,1,44.0
324,1,9.0,9.0,Laptop,Debit Card,1,2,217.0,2,29.0
325,1,30.0,-17.0,Mobile Phone,Cash on Delivery,1,2,86.0,17,27.0
326,1,13.0,20.0,Mobile Phone,Cash on Delivery,4,9,369.0,2,54.0
327,1,24.0,16.0,Laptop,Credit Card,5,1,41.0,8,43.0
328,1,54.0,13.0,Mobile Phone,Debit Card,3,3,90.0,8,50.0
329,1,31.0,16.0,Mobile Phone,Cash on Delivery,3,9,60.0,16,34.0
330,1,19.0,21.0,Mobile Phone,Debit Card,1,5,241.0,11,14.0
331,1,32.0,10.0,Laptop,Debit Card,4,8,79.0,14,42.0
332,0,32.0,9.0,Mobile Phone,Cash on Delivery,3,7,315.0,1,29.0
333,0,41.0,4.0,Laptop,Credit Card,3,5,345.0,4,54.0
334,0,32.0,26.0,Mobile Phone,Debit Card,1,5,225.0,2,2.0
335,1,17.0,13.0,Mobile Phone,Cash on Delivery,1,5,310.0,2,44.0
336,0,32.0,22.0,Mobile Phone,Debit Card,2,3,11.0,10,29.0
337,0,10.0,19.0,Mobile Phone,Credit Card,1,9,233.5,14,8.0
338,0,32.0,6.0,Mobile Phone,Debit Card,5,1,419.0,13,50.0
339,1,65.0,17.0,Mobile Phone,Credit Card,5,6,323.0,13,38.0
340,0,32.0,17.0,Laptop,Cash on Delivery,3,5,233.5,17,42.0
341,1,30.0,23.0,Mobile Phone,Cash on Delivery,4,6,209.0,7,49.0
342,1,28.0,15.0,Laptop,Credit Card,2,6,47.0,3,36.0
343,1,28.0,17.0,Mobile Phone,Cash on Delivery,5,4,166.0,14,29.0
344,0,27.0,13.0,Laptop,Cash on Delivery,4,8,389.0,6,30.0
345,1,36.0,17.0,Laptop,Credit Card,1,8,149.0,9,29.0
346,0,40.0,16.0,Mobile Phone,Cash on Delivery,1,1,369.0,1,14.0
347,0,45.0,14.0,Mobile Phone,Cash on Delivery,4,1,240.0,1,15.0
348,1,28.0,24.0,Mobile Phone,Credit Card,4,2,133.0,8,7.0
349,1,41.0,11.0,Laptop,Cash on Delivery,4,2,195.0,3,40.0
350,0,17.0,34.0,Mobile Phone,Credit Card,2,7,127.0,7,26.0
351,0,24.0,17.0,Laptop,Debit Card,1,5,233.0,14,44.0
352,1,50.0,5.0,Mobile Phone,Credit Card,2,9,202.0,14,28.0
353,1,15.0,10.0,Mobile Phone,Debit Card,3,9,208.0,6,5.0
354,0,13.0,19.0,Mobile Phone,Debit Card,1,2,448.0,15,25.0
355,1,18.0,17.0,Laptop,Debit Card,1,9,345.0,13,51.0
356,0,28.0,15.0,Laptop,Debit Card,2,1,86.0,10,21.0
357,1,42.0,13.0,Mobile Phone,Credit Card,5,6,453.0,13,45.0
358,1,32.0,23.0,Mobile Phone,Debit Card,2,1,132.0,5,16.0
359,1,32.0,14.0,Laptop,Debit Card,4,3,367.0,2,42.0
360,0,44.0,12.0,Mobile Phone,Credit Card,3,2,108.0,2,39.0
361,1,36.0,20.0,Mobile Phone,Credit Card,2,9,195.0,11,23.0
362,0,52.0,6.0,Laptop,Cash on Delivery,1,4,63.0,4,49.0
363,1,27.0,12.0,Mobile Phone,Cash on Delivery,3,5,346.0,15,4.0
364,0,-3.0,16.0,Laptop,Debit Card,5,2,95.0,9,26.0
365,0,40.0,10.0,Laptop,Cash on Delivery,5,9,173.0,9,16.0
366,0,32.0,31.0,Mobile Phone,Cash on Delivery,3,1,136.0,13,40.0
367,0,59.0,16.0,Mobile Phone,Debit Card,2,9,229.0,17,29.0
368,0,52.0,7.0,Mobile Phone,Credit Card,3,5,172.0,4,49.0
369,1,35.0,15.0,Laptop,Debit Card,3,4,87.0,4,34.0
370,1,23.0,14.0,Laptop,Debit Card,5,9,233.5,15,47.0
371,0,58.0,11.0,Mobile Phone,Debit Card,5,7,275.0,9,52.0
372,0,36.0,20.0,Mobile Phone,Credit Card,4,7,306.0,15,25.0
373,0,63.0,20.0,Mobile Phone,Cash on Delivery,3,6,355.0,2,2.0
374,0,29.0,16.0,Mobile Phone,Credit Card,5,3,229.0,12,12.0
375,0,32.0,19.0,Laptop,Debit Card,4,2,125.0,10,42.0
376,0,48.0,31.0,Mobile Phone,Debit Card,1,8,440.0,15,29.0
377,0,30.0,17.0,Mobile Phone,Cash on Delivery,2,9,463.0,16,29.0
378,1,33.0,14.0,Mobile Phone,Debit Card,5,8,231.0,6,45.0
379,0,57.0,17.0,Laptop,Cash on Delivery,3,1,288.0,2,32.0
380,1,32.0,16.0,Mobile Phone,Cash on Delivery,5,3,353.0,15,29.0
381,1,30.0,22.0,Mobile Phone,Debit Card,3,9,233.5,15,16.0
382,0,33.0,24.0,Laptop,Credit Card,2,4,334.0,5,3.0
383,1,24.0,20.0,Mobile Phone,Credit Card,3,3,320.0,13,30.0
384,0,29.0,25.0,Laptop,Cash on Delivery,1,7,232.0,7,40.0
385,0,34.0,22.0,Mobile Phone,Debit Card,1,3,466.0,8,31.0
386,0,32.0,16.0,Mobile Phone,Credit Card,1,8,263.0,16,18.0
387,0,31.0,2.0,Mobile Phone,Debit Card,4,9,36.0,7,25.0
388,1,1.0,13.0,Mobile Phone,Cash on Delivery,4,3,224.0,6,19.0
389,1,34.0,17.0,Mobile Phone,Credit Card,2,2,336.0,10,29.0
390,1,32.0,10.0,Mobile Phone,Cash on Delivery,2,6,133.0,3,45.0
391,0,32.0,15.0,Mobile Phone,Debit Card,1,4,365.0,6,30.0
392,0,33.0,15.0,Mobile Phone,Debit Card,1,7,274.0,9,33.0
393,1,35.0,28.0,Laptop,Cash on Delivery,1,7,126.0,10,39.0
394,1,47.0,10.0,Laptop,Debit Card,5,6,157.0,6,27.0
395,0,55.0,12.0,Laptop,Credit Card,1,6,363.0,9,35.0
396,0,31.0,17.0,Mobile Phone,Credit Card,2,3,208.0,14,4.0
397,1,47.0,8.0,Mobile Phone,Cash on Delivery,4,1,434.0,7,33.0
398,1,29.0,22.0,Mobile Phone,Credit Card,4,8,233.5,15,30.0
399,1,21.0,14.0,Mobile Phone,Credit Card,4,4,139.0,6,10.0
400,0,47.0,18.0,Mobile Phone,Credit Card,2,7,254.0,11,37.0
401,0,33.0,3.0,Mobile Phone,Debit Card,5,2,233.5,15,12.0
402,0,37.0,15.0,Mobile Phone,Credit Card,4,2,149.0,17,3.0
403,0,61.0,11.0,Laptop,Debit Card,2,8,406.0,4,13.0
404,1,38.0,23.0,Laptop,Debit Card,5,8,437.0,1,29.0
405,1,9.0,7.0,Mobile Phone,Cash on Delivery,4,8,350.0,2,50.0
406,0,47.0,18.0,Mobile Phone,Cash on Delivery,1,3,291.0,8,46.0
407,1,15.0,21.0,Mobile Phone,Cash on Delivery,4,5,315.0,8,3.0
408,0,22.0,18.0,Mobile Phone,Credit Card,4,8,89.0,9,24.0
409,0,46.0,17.0,Laptop,Credit Card,3,2,286.0,17,31.0
410,0,24.0,20.0,Mobile Phone,Credit Card,3,4,459.0,4,47.0
411,1,33.0,17.0,Mobile Phone,Cash on Delivery,1,5,131.0,17,23.0
412,1,26.0,15.0,Mobile Phone,Debit Card,5,6,203.0,14,41.0
413,0,32.0,11.0,Mobile Phone,Debit Card,3,1,179.0,1,49.0
414,0,28.0,10.0,Mobile Phone,Cash on Delivery,5,2,233.5,14,14.0
415,1,43.0,27.0,Mobile Phone,Credit Card,5,9,355.0,14,32.0
416,0,18.0,10.0,Mobile Phone,Credit Card,1,8,384.0,16,47.0
417,1,32.0,29.0,Mobile Phone,Credit Card,5,3,112.0,9,8.0
418,1,46.0,17.0,Mobile Phone,Debit Card,2,4,143.0,13,29.0
419,0,43.0,30.0,Mobile Phone,Cash on Delivery,1,9,101.0,16,41.0
420,0,32.0,20.0,Mobile Phone,Cash on Delivery,4,3,281.0,14,25.0
421,1,35.0,17.0,Mobile Phone,Cash on Delivery,2,8,310.0,2,5.0
422,0,52.0,23.0,Laptop,Cash on Delivery,3,1,39.0,5,54.0
423,1,35.0,27.0,Mobile Phone,Credit Card,3,3,233.5,8,33.0
424,0,18.0,28.0,Mobile Phone,Cash on Delivery,4,2,95.0,4,43.0
425,1,33.0,14.0,Laptop,Credit Card,4,6,437.0,1,23.0
426,0,32.0,32.0,Laptop,Cash on Delivery,1,5,282.0,13,17.0
427,1,36.0,10.0,Laptop,Cash on Delivery,1,3,282.0,7,26.0
428,0,11.0,28.0,Mobile Phone,Debit Card,5,4,166.0,15,20.0
429,1,37.0,20.0,Mobile Phone,Debit Card,4,9,331.0,15,26.0
430,1,44.0,16.0,Mobile Phone,Credit Card,1,9,100.0,7,25.0
431,0,47.0,11.0,Laptop,Debit Card,5,4,282.0,14,46.0
432,1,43.0,22.0,Mobile Phone,Credit Card,2,1,119.0,12,35.0
433,1,34.0,28.0,Mobile Phone,Credit Card,4,6,47.0,1,32.0
434,0,47.0,21.0,Mobile Phone,Cash on Delivery,1,5,353.0,11,51.0
435,0,40.0,24.0,Mobile Phone,Debit Card,5,9,390.0,14,26.0
436,1,45.0,4.0,Laptop,Debit Card,3,5,59.0,12,4.0
437,1,20.0,16.0,Laptop,Credit Card,1,3,390.0,16,1.0
438,1,24.0,15.0,Laptop,Credit Card,1,5,100.0,17,38.0
439,0,13.0,5.0,Mobile Phone,Cash on Delivery,1,5,262.0,7,11.0
440,0,40.0,16.0,Mobile Phone,Debit Card,3,6,478.0,15,41.0
441,0,47.0,26.0,Laptop,Debit Card,5,8,82.0,8,29.0
442,1,54.0,16.0,Mobile Phone,Credit Card,3,5,253.0,5,37.0
443,1,14.0,22.0,Mobile Phone,Debit Card,2,4,319.0,6,3.0
444,0,59.0,9.0,Laptop,Credit Card,1,8,233.5,4,46.0
445,1,22.0,7.0,Laptop,Cash on Delivery,5,2,16.0,7,53.0
446,0,9.0,11.0,Mobile Phone,Credit Card,4,6,36.0,11,15.0
447,1,45.0,7.0,Mobile Phone,Credit Card,1,3,170.0,5,24.0
448,0,35.0,28.0,Laptop,Cash on Delivery,5,1,406.0,13,14.0
449,1,8.0,16.0,Mobile Phone,Cash on Delivery,5,1,362.0,14,39.0
450,1,11.0,10.0,Laptop,Credit Card,3,9,353.0,3,19.0
451,0,23.0,7.0,Mobile Phone,Cash on Delivery,1,7,463.0,8,1.0
452,1,10.0,14.0,Mobile Phone,Credit Card,2,2,316.0,5,51.0
453,1,31.0,12.0,Mobile Phone,Credit Card,5,4,435.0,7,32.0
454,0,65.0,3.0,Mobile Phone,Debit Card,5,2,213.0,6,12.0
455,0,64.0,11.0,Laptop,Debit Card,5,3,368.0,10,31.0
456,1,13.0,24.0,Mobile Phone,Credit Card,2,8,92.0,8,29.0
457,1,36.0,21.0,Laptop,Cash on Delivery,5,6,387.0,6,26.0
458,0,31.0,25.0,Mobile Phone,Credit Card,3,9,90.0,3,9.0
459,0,6.0,24.0,Mobile Phone,Credit Card,5,5,9.0,16,9.0
460,0,32.0,16.0,Laptop,Credit Card,2,9,233.5,17,37.0
461,1,18.0,8.0,Mobile Phone,Credit Card,5,8,141.0,7,17.0
462,0,13.0,20.0,Mobile Phone,Credit Card,4,3,463.0,13,25.0
463,1,45.0,16.0,Mobile Phone,Debit Card,3,9,221.0,6,20.0
464,0,14.0,18.0,Mobile Phone,Cash on Delivery,5,6,66.0,12,41.0
465,1,32.0,31.0,Laptop,Debit Card,3,2,67.0,4,40.0
466,0,51.0,22.0,Mobile Phone,Credit Card,2,1,476.0,4,9.0
467,0,24.0,16.0,Laptop,Cash on Delivery,1,6,233.5,1,11.0
468,1,33.0,12.0,Mobile Phone,Debit Card,3,7,254.0,6,51.0
469,0,32.0,10.0,Mobile Phone,Credit Card,1,3,425.0,17,7.0
470,0,31.0,17.0,Mobile Phone,Debit Card,4,2,167.0,14,42.0
471,0,37.0,22.0,Mobile Phone,Debit Card,4,1,352.0,7,26.0
472,1,16.0,18.0,Mobile Phone,Debit Card,4,9,403.0,1,12.0
473,0,58.0,19.0,Mobile Phone,Credit Card,3,3,303.0,4,37.0
474,1,10.0,30.0,Laptop,Credit Card,4,5,227.0,17,4.0
475,0,36.0,19.0,Laptop,Debit Card,5,6,411.0,3,51.0
476,1,26.0,12.0,Mobile Phone,Debit Card,4,6,433.0,5,18.0
477,0,41.0,15.0,Mobile Phone,Cash on Delivery,4,5,250.0,9,13.0
478,0,39.0,27.0,Laptop,Debit Card,2,1,376.0,15,22.0
479,1,25.0,17.0,Mobile Phone,Debit Card,5,2,53.0,2,24.0
480,0,11.0,16.0,Mobile Phone,Credit Card,4,7,419.0,1,24.0
481,0,46.0,5.0,Laptop,Debit Card,5,1,84.0,1,42.0
482,0,19.0,24.0,Mobile Phone,Debit Card,3,4,153.0,16,22.0
483,0,10.0,17.0,Mobile Phone,Cash on Delivery,2,6,142.0,16,30.0
484,0,18.0,31.0,Laptop,Cash on Delivery,4,8,337.0,4,42.0
485,1,37.0,23.0,Mobile Phone,Cash on Delivery,3,6,369.0,1,18.0
486,1,20.0,30.0,Laptop,Debit Card,3,8,336.0,11,32.0
487,0,54.0,9.0,Mobile Phone,Debit Card,3,5,457.0,2,37.0
488,0,32.0,14.0,Mobile Phone,Credit Card,5,1,75.0,7,52.0
489,1,22.0,16.0,Mobile Phone,Debit Card,5,1,366.0,5,47.0
490,1,36.0,27.0,Mobile Phone,Cash on Delivery,3,2,341.0,11,43.0
491,0,34.0,21.0,Laptop,Credit Card,1,3,271.0,5,46.0
492,1,37.0,17.0,Mobile Phone,Cash on Delivery,1,8,7.0,17,36.0
493,1,56.0,15.0,Mobile Phone,Debit Card,5,8,5.0,11,13.0
494,1,22.0,16.0,Mobile Phone,Cash on Delivery,1,4,247.0,2,9.0
495,1,32.0,9.0,Mobile Phone,Credit Card,3,9,250.0,8,32.0
496,1,32.0,9.0,Laptop,Cash on Delivery,4,3,59.0,10,3.0
497,1,41.0,12.0,Mobile Phone,Credit Card,5,4,412.0,2,33.0
498,0,18.0,11.0,Laptop,Cash on Delivery,1,6,189.0,7,52.0
499,1,13.0,16.0,Mobile Phone,Debit Card,1,7,62.0,12,49.0
500,0,32.0,5.0,Mobile Phone,Debit Card,3,6,352.0,5,29.0
501,1,49.0,12.0,Mobile Phone,Debit Card,2,1,292.0,10,47.0
502,1,4.0,24.0,Mobile Phone,Debit Card,5,6,133.0,14,29.0
503,0,36.0,32.0,Mobile Phone,Credit Card,3,3,293.0,6,29.0
504,1,32.0,8.0,Mobile Phone,Credit Card,5,1,331.0,3,34.0
505,1,32.0,16.0,Mobile Phone,Debit Card,5,1,177.0,12,47.0
506,0,23.0,21.0,Laptop,Debit Card,5,3,429.0,7,48.0
507,0,57.0,10.0,Laptop,Debit Card,3,2,107.0,1,45.0
508,0,29.0,15.0,Laptop,Credit Card,3,7,134.0,11,29.0
509,1,6.0,20.0,Laptop,Credit Card,5,7,10.0,9,38.0
510,0,32.0,14.0,Mobile Phone,Credit Card,2,7,104.0,11,19.0
511,0,39.0,15.0,Mobile Phone,Credit Card,1,1,102.0,8,29.0
512,1,27.0,22.0,Mobile Phone,Credit Card,5,2,233.5,1,20.0
513,0,49.0,7.0,Mobile Phone,Credit Card,2,8,148.0,12,26.0
514,1,43.0,19.0,Mobile Phone,Credit Card,5,2,390.0,13,29.0
515,0,38.0,10.0,Mobile Phone,Debit Card,2,2,111.0,5,54.0
516,0,9.0,27.0,Mobile Phone,Debit Card,4,7,239.0,2,45.0
517,1,51.0,22.0,Mobile Phone,Credit Card,4,3,162.0,5,10.0
518,0,44.0,23.0,Mobile Phone,Cash on Delivery,5,3,233.5,5,29.0
519,0,50.0,12.0,Mobile Phone,Debit Card,4,8,42.0,16,29.0
520,0,38.0,22.0,Mobile Phone,Credit Card,1,9,269.0,2,46.0
521,0,29.0,7.0,Mobile Phone,Cash on Delivery,4,7,458.0,3,44.0
522,0,43.0,12.0,Mobile Phone,Debit Card,1,4,358.0,6,50.0
523,0,32.0,13.0,Mobile Phone,Debit Card,4,8,98.0,5,53.0
524,0,36.0,17.0,Mobile Phone,Debit Card,2,3,471.0,9,32.0
525,1,33.0,13.0,Mobile Phone,Cash on Delivery,4,2,83.0,10,32.0
526,1,19.0,12.0,Mobile Phone,Cash on Delivery,1,2,105.0,4,48.0
527,1,15.0,27.0,Mobile Phone,Debit Card,4,6,125.0,2,8.0
528,1,45.0,23.0,Mobile Phone,Debit Card,2,8,332.0,1,13.0
529,1,39.0,26.0,Mobile Phone,Cash on Delivery,2,4,106.0,15,48.0
530,0,22.0,31.0,Mobile Phone,Credit Card,5,5,212.0,13,30.0
531,0,28.0,1.0,Laptop,Debit Card,3,4,10.0,13,46.0
532,1,10.0,16.0,Laptop,Cash on Delivery,3,8,371.0,4,13.0
533,0,31.0,29.0,Mobile Phone,Credit Card,1,4,253.0,15,35.0
534,1,22.0,26.0,Mobile Phone,Cash on Delivery,4,7,86.0,8,11.0
535,0,32.0,23.0,Mobile Phone,Debit Card,1,5,34.0,17,14.0
536,1,53.0,10.0,Mobile Phone,Credit Card,2,2,175.0,8,23.0
537,1,29.0,16.0,Mobile Phone,Cash on Delivery,4,3,35.0,2,52.0
538,0,50.0,15.0,Laptop,Cash on Delivery,3,4,467.0,16,35.0
539,1,-8.0,24.0,Laptop,Debit Card,4,8,208.0,7,5.0
540,1,15.0,10.0,Mobile Phone,Cash on Delivery,2,4,168.0,4,29.0
541,0,26.0,18.0,Laptop,Debit Card,1,3,316.0,17,41.0
542,0,29.0,4.0,Mobile Phone,Debit Card,4,1,158.0,14,46.0
543,1,54.0,16.0,Mobile Phone,Debit Card,1,5,19.0,9,1.0
544,0,23.0,14.0,Mobile Phone,Debit Card,4,1,22.0,11,26.0
545,1,34.0,7.0,Mobile Phone,Debit Card,3,5,269.0,17,29.0
546,1,32.0,33.0,Mobile Phone,Cash on Delivery,1,9,299.0,12,23.0
547,0,26.0,17.0,Laptop,Cash on Delivery,4,4,146.0,10,6.0
548,0,-9.0,36.0,Laptop,Credit Card,3,2,447.0,10,42.0
549,0,39.0,26.0,Mobile Phone,Cash on Delivery,3,7,233.5,1,29.0
550,0,-2.0,14.0,Mobile Phone,Credit Card,1,4,30.0,10,30.0
551,0,25.0,19.0,Mobile Phone,Cash on Delivery,3,8,454.0,7,43.0
552,0,32.0,9.0,Mobile Phone,Cash on Delivery,1,3,65.0,15,8.0
553,0,20.0,15.0,Mobile Phone,Cash on Delivery,5,4,83.0,14,35.0
554,0,41.0,20.0,Mobile Phone,Credit Card,3,7,101.0,16,35.0
555,0,21.0,18.0,Mobile Phone,Debit Card,1,7,102.0,15,14.0
556,1,20.0,16.0,Laptop,Debit Card,3,5,284.0,8,13.0
557,0,38.0,21.0,Mobile Phone,Debit Card,4,3,285.0,13,24.0
558,0,50.0,28.0,Laptop,Cash on Delivery,2,5,439.0,5,25.0
559,1,30.0,22.0,Mobile Phone,Cash on Delivery,4,7,36.0,4,1.0
560,0,31.0,24.0,Mobile Phone,Credit Card,4,9,233.5,3,29.0
561,0,-17.0,10.0,Mobile Phone,Cash on Delivery,2,9,243.0,1,18.0
562,1,28.0,9.0,Laptop,Debit Card,3,3,359.0,9,49.0
563,0,8.0,19.0,Laptop,Debit Card,3,9,384.0,5,6.0
564,0,42.0,15.0,Laptop,Cash on Delivery,1,3,267.0,1,20.0
565,1,30.0,14.0,Mobile Phone,Debit Card,5,1,117.0,15,22.0
566,1,52.0,23.0,Mobile Phone,Cash on Delivery,5,2,165.0,5,52.0
567,1,1.0,13.0,Mobile Phone,Debit Card,3,4,354.0,3,23.0
568,0,24.0,10.0,Mobile Phone,Debit Card,1,4,25.0,16,7.0
569,0,64.0,8.0,Mobile Phone,Credit Card,4,7,459.0,14,16.0
570,1,38.0,26.0,Mobile Phone,Credit Card,2,1,140.0,11,24.0
571,0,19.0,13.0,Mobile Phone,Cash on Delivery,1,3,171.0,13,49.0
572,0,19.0,10.0,Mobile Phone,Credit Card,4,6,80.0,16,30.0
573,1,37.0,20.0,Mobile Phone,Cash on Delivery,5,8,233.5,1,14.0
574,1,32.0,13.0,Laptop,Credit Card,2,8,424.0,4,49.0
575,0,21.0,16.0,Laptop,Debit Card,2,8,152.0,1,28.0
576,0,42.0,20.0,Mobile Phone,Cash on Delivery,5,7,252.0,10,29.0
577,1,32.0,16.0,Mobile Phone,Credit Card,4,5,150.0,9,23.0
578,1,31.0,13.0,Mobile Phone,Debit Card,3,2,233.0,17,33.0
579,1,44.0,16.0,Mobile Phone,Debit Card,3,2,30.0,10,27.0
580,0,9.0,16.0,Mobile Phone,Credit Card,2,6,469.0,10,12.0
581,0,31.0,18.0,Mobile Phone,Cash on Delivery,3,4,366.0,7,18.0
582,0,17.0,23.0,Mobile Phone,Debit Card,4,7,472.0,8,29.0
583,1,50.0,27.0,Laptop,Cash on Delivery,2,9,196.0,15,21.0
584,1,80.0,11.0,Mobile Phone,Debit Card,2,8,233.5,8,50.0
585,0,19.0,16.0,Mobile Phone,Credit Card,3,7,120.0,9,16.0
586,1,32.0,6.0,Laptop,Credit Card,1,4,36.0,15,48.0
587,0,26.0,16.0,Mobile Phone,Cash on Delivery,3,9,340.0,12,16.0
588,1,13.0,26.0,Mobile Phone,Debit Card,5,5,209.0,12,17.0
589,1,34.0,24.0,Mobile Phone,Debit Card,1,8,191.0,16,36.0
590,0,42.0,10.0,Mobile Phone,Credit Card,1,1,259.0,9,35.0
591,1,27.0,16.0,Mobile Phone,Debit Card,5,1,460.0,3,9.0
592,1,41.0,17.0,Laptop,Debit Card,2,8,60.0,15,22.0
593,1,30.0,21.0,Laptop,Credit Card,3,2,443.0,16,33.0
594,1,40.0,16.0,Mobile Phone,Debit Card,1,1,353.0,5,22.0
595,1,33.0,16.0,Mobile Phone,Credit Card,5,9,3.0,10,29.0
596,0,34.0,17.0,Mobile Phone,Cash on Delivery,3,6,250.0,1,43.0
597,1,32.0,23.0,Mobile Phone,Credit Card,2,1,153.0,5,15.0
598,0,44.0,26.0,Mobile Phone,Debit Card,3,2,69.0,16,26.0
599,1,32.0,16.0,Mobile Phone,Credit Card,5,5,173.0,16,11.0
600,1,45.0,13.0,Mobile Phone,Debit Card,2,1,191.0,16,3.0
601,1,41.0,12.0,Mobile Phone,Credit Card,3,4,450.0,11,8.0
602,0,20.0,17.0,Laptop,Debit Card,2,9,233.5,15,17.0
603,1,-8.0,20.0,Mobile Phone,Credit Card,4,3,148.0,9,22.0
604,1,9.0,15.0,Laptop,Credit Card,1,2,232.0,2,31.0
605,0,42.0,20.0,Mobile Phone,Debit Card,5,7,22.0,14,9.0
606,1,26.0,28.0,Laptop,Credit Card,5,8,476.0,16,43.0
607,1,18.0,19.0,Laptop,Cash on Delivery,2,5,399.0,8,13.0
608,0,29.0,18.0,Mobile Phone,Credit Card,1,5,50.0,1,32.0
609,1,25.0,27.0,Mobile Phone,Debit Card,3,4,160.0,8,6.0
610,1,24.0,17.0,Mobile Phone,Cash on Delivery,4,5,0.0,16,33.0
611,1,27.0,17.0,Mobile Phone,Cash on Delivery,4,7,468.0,7,21.0
612,1,24.0,16.0,Mobile Phone,Cash on Delivery,4,3,417.0,8,45.0
613,0,8.0,19.0,Mobile Phone,Cash on Delivery,3,9,265.0,4,18.0
614,0,20.0,12.0,Mobile Phone,Cash on Delivery,4,1,366.0,5,54.0
615,1,32.0,23.0,Mobile Phone,Credit Card,2,1,101.0,1,14.0
616,1,24.0,7.0,Mobile Phone,Debit Card,1,7,17.0,2,16.0
617,1,78.0,9.0,Mobile Phone,Credit Card,1,1,254.0,5,53.0
618,0,27.0,16.0,Laptop,Cash on Delivery,3,5,297.0,7,39.0
619,1,26.0,30.0,Laptop,Credit Card,4,1,419.0,13,48.0
620,1,48.0,17.0,Mobile Phone,Credit Card,3,9,385.0,6,42.0
621,0,13.0,24.0,Mobile Phone,Credit Card,4,7,471.0,14,10.0
622,1,25.0,2.0,Mobile Phone,Cash on Delivery,4,7,157.0,3,2.0
623,0,49.0,19.0,Mobile Phone,Cash on Delivery,1,5,233.5,5,36.0
624,1,52.0,17.0,Mobile Phone,Credit Card,5,8,201.0,6,35.0
625,1,32.0,16.0,Mobile Phone,Debit Card,3,9,26.0,14,19.0
626,1,46.0,13.0,Mobile Phone,Cash on Delivery,4,4,358.0,17,13.0
627,1,14.0,8.0,Mobile Phone,Cash on Delivery,3,7,466.0,8,24.0
628,0,35.0,13.0,Laptop,Cash on Delivery,4,6,450.0,7,45.0
629,1,33.0,-0.0,Laptop,Debit Card,2,9,74.0,11,20.0
630,0,29.0,10.0,Mobile Phone,Cash on Delivery,1,7,442.0,11,40.0
631,0,27.0,6.0,Laptop,Credit Card,3,5,425.0,16,28.0
632,0,50.0,16.0,Laptop,Debit Card,2,7,297.0,9,21.0
633,0,35.0,8.0,Mobile Phone,Debit Card,2,7,64.0,1,51.0
634,0,57.0,19.0,Mobile Phone,Debit Card,5,7,227.0,4,38.0
635,0,24.0,23.0,Mobile Phone,Cash on Delivery,1,8,336.0,10,25.0
636,0,20.0,11.0,Laptop,Debit Card,2,6,98.0,16,19.0
637,1,24.0,8.0,Mobile Phone,Credit Card,4,9,320.0,14,53.0
638,1,37.0,16.0,Laptop,Credit Card,5,9,177.0,4,34.0
639,0,33.0,23.0,Mobile Phone,Cash on Delivery,1,5,350.0,4,16.0
640,1,32.0,17.0,Laptop,Credit Card,4,8,371.0,9,9.0
641,0,31.0,15.0,Mobile Phone,Cash on Delivery,4,1,419.0,3,36.0
642,1,29.0,39.0,Mobile Phone,Credit Card,5,1,75.0,9,52.0
643,0,23.0,18.0,Laptop,Debit Card,5,3,182.0,14,7.0
644,1,34.0,15.0,Mobile Phone,Debit Card,4,9,172.0,9,4.0
645,0,32.0,22.0,Mobile Phone,Credit Card,5,7,296.0,4,21.0
646,1,43.0,19.0,Mobile Phone,Cash on Delivery,3,2,224.0,6,40.0
647,1,-6.0,23.0,Mobile Phone,Credit Card,2,6,447.0,8,53.0
648,1,44.0,5.0,Laptop,Cash on Delivery,3,1,215.0,12,3.0
649,0,48.0,15.0,Laptop,Cash on Delivery,2,9,443.0,2,19.0
650,1,27.0,22.0,Laptop,Cash on Delivery,2,9,233.5,4,30.0
651,0,23.0,11.0,Mobile Phone,Cash on Delivery,1,8,448.0,15,16.0
652,1,32.0,16.0,Laptop,Cash on Delivery,2,4,21.0,2,39.0
653,0,15.0,20.0,Mobile Phone,Credit Card,4,9,25.0,15,49.0
654,0,32.0,20.0,Mobile Phone,Debit Card,2,4,187.0,3,11.0
655,0,22.0,9.0,Mobile Phone,Credit Card,4,2,363.0,2,51.0
656,1,23.0,7.0,Laptop,Debit Card,3,1,233.5,15,53.0
657,0,14.0,9.0,Mobile Phone,Cash on Delivery,5,4,365.0,8,25.0
658,0,32.0,11.0,Mobile Phone,Cash on Delivery,2,3,191.0,15,19.0
659,1,33.0,19.0,Mobile Phone,Cash on Delivery,4,7,65.0,2,24.0
660,1,24.0,13.0,Mobile Phone,Cash on Delivery,5,3,16.0,12,5.0
661,0,43.0,12.0,Mobile Phone,Debit Card,3,9,442.0,8,17.0
662,0,40.0,0.0,Mobile Phone,Debit Card,5,9,237.0,9,30.0
663,1,33.0,6.0,Mobile Phone,Debit Card,1,6,233.5,17,21.0
664,1,32.0,15.0,Laptop,Credit Card,3,8,161.0,5,2.0
665,1,32.0,2.0,Laptop,Debit Card,3,8,181.0,12,19.0
666,0,26.0,15.0,Laptop,Debit Card,2,1,444.0,5,54.0
667,0,33.0,16.0,Mobile Phone,Debit Card,3,8,191.0,9,52.0
668,0,29.0,30.0,Laptop,Debit Card,5,8,206.0,5,12.0
669,1,33.0,12.0,Mobile Phone,Debit Card,4,2,129.0,17,35.0
670,0,43.0,27.0,Laptop,Debit Card,2,5,378.0,9,28.0
671,1,23.0,25.0,Mobile Phone,Credit Card,3,2,255.0,11,44.0
672,1,32.0,16.0,Mobile Phone,Debit Card,1,7,189.0,15,33.0
673,1,36.0,12.0,Laptop,Credit Card,5,5,291.0,16,53.0
674,0,34.0,12.0,Mobile Phone,Cash on Delivery,3,8,139.0,12,28.0
675,1,16.0,9.0,Mobile Phone,Debit Card,3,2,265.0,14,34.0
676,1,24.0,11.0,Mobile Phone,Credit Card,2,8,165.0,1,34.0
677,1,44.0,16.0,Mobile Phone,Credit Card,1,7,105.0,6,27.0
678,0,48.0,25.0,Mobile Phone,Debit Card,5,3,313.0,10,2.0
679,1,57.0,5.0,Laptop,Credit Card,4,3,35.0,12,16.0
680,1,32.0,16.0,Mobile Phone,Cash on Delivery,3,7,7.0,9,13.0
681,1,39.0,21.0,Laptop,Credit Card,3,8,411.0,13,46.0
682,0,31.0,11.0,Mobile Phone,Credit Card,3,6,171.0,4,6.0
683,0,37.0,13.0,Laptop,Credit Card,3,1,126.0,2,51.0
684,0,47.0,7.0,Laptop,Cash on Delivery,1,1,60.0,1,9.0
685,0,23.0,14.0,Mobile Phone,Debit Card,4,4,120.0,3,38.0
686,1,32.0,8.0,Laptop,Debit Card,2,4,324.0,10,37.0
687,1,24.0,17.0,Mobile Phone,Debit Card,1,3,91.0,5,12.0
688,0,43.0,16.0,Mobile Phone,Cash on Delivery,5,5,233.5,14,27.0
689,0,33.0,14.0,Mobile Phone,Credit Card,4,2,434.0,10,34.0
690,0,37.0,9.0,Laptop,Cash on Delivery,2,5,88.0,16,47.0
691,0,4.0,13.0,Mobile Phone,Cash on Delivery,3,7,271.0,17,38.0
692,0,28.0,9.0,Laptop,Cash on Delivery,2,4,86.0,16,45.0
693,0,51.0,21.0,Mobile Phone,Credit Card,2,4,472.0,1,34.0
694,0,16.0,16.0,Laptop,Credit Card,4,6,256.0,17,51.0
695,0,27.0,22.0,Mobile Phone,Debit Card,3,8,97.0,9,52.0
696,1,39.0,21.0,Laptop,Cash on Delivery,1,2,86.0,2,47.0
697,1,46.0,10.0,Mobile Phone,Credit Card,4,3,244.0,13,48.0
698,0,32.0,12.0,Mobile Phone,Cash on Delivery,5,6,229.0,9,39.0
699,0,21.0,12.0,Mobile Phone,Debit Card,2,4,386.0,2,22.0
700,1,1.0,23.0,Mobile Phone,Credit Card,2,7,389.0,17,6.0
701,0,2.0,23.0,Mobile Phone,Debit Card,4,3,231.0,8,5.0
702,1,27.0,-1.0,Laptop,Debit Card,3,4,138.0,6,31.0
703,1,18.0,16.0,Mobile Phone,Credit Card,5,3,119.0,11,40.0
704,1,40.0,16.0,Laptop,Debit Card,3,8,174.0,3,1.0
705,1,48.0,22.0,Mobile Phone,Credit Card,2,9,330.0,13,38.0
706,1,49.0,21.0,Mobile Phone,Credit Card,2,8,105.0,17,14.0
707,1,36.0,29.0,Mobile Phone,Debit Card,3,4,63.0,15,27.0
708,0,20.0,22.0,Mobile Phone,Debit Card,4,2,388.0,9,2.0
709,0,32.0,0.0,Laptop,Cash on Delivery,4,6,333.0,5,53.0
710,1,41.0,10.0,Mobile Phone,Cash on Delivery,2,4,451.0,1,10.0
711,0,28.0,-6.0,Laptop,Cash on Delivery,3,1,208.0,6,45.0
712,0,47.0,12.0,Mobile Phone,Debit Card,2,6,281.0,13,26.0
713,0,34.0,29.0,Mobile Phone,Credit Card,3,1,267.0,14,15.0
714,0,46.0,16.0,Laptop,Debit Card,3,5,137.0,16,46.0
715,1,27.0,13.0,Mobile Phone,Cash on Delivery,2,8,223.0,16,53.0
716,0,19.0,16.0,Laptop,Cash on Delivery,1,9,233.5,13,42.0
717,1,34.0,35.0,Mobile Phone,Cash on Delivery,3,7,460.0,9,48.0
718,1,23.0,14.0,Mobile Phone,Credit Card,1,6,216.0,13,42.0
719,0,22.0,22.0,Mobile Phone,Debit Card,4,2,399.0,9,51.0
720,1,36.0,19.0,Laptop,Debit Card,1,6,233.5,14,37.0
721,0,23.0,13.0,Mobile Phone,Cash on Delivery,5,2,163.0,6,21.0
722,1,31.0,10.0,Mobile Phone,Cash on Delivery,4,9,233.5,13,34.0
723,1,3.0,12.0,Laptop,Debit Card,2,7,233.5,6,1.0
724,1,57.0,14.0,Mobile Phone,Credit Card,2,4,233.0,16,2.0
725,1,39.0,4.0,Laptop,Credit Card,2,7,124.0,4,30.0
726,1,30.0,13.0,Mobile Phone,Cash on Delivery,3,9,238.0,9,36.0
727,1,33.0,7.0,Mobile Phone,Debit Card,2,3,448.0,1,5.0
728,0,40.0,12.0,Laptop,Cash on Delivery,5,2,423.0,14,48.0
729,0,65.0,7.0,Laptop,Cash on Delivery,3,7,271.0,3,45.0
730,0,30.0,17.0,Mobile Phone,Debit Card,2,5,211.0,15,25.0
731,1,53.0,10.0,Laptop,Cash on Delivery,1,3,118.0,9,29.0
732,1,43.0,16.0,Laptop,Cash on Delivery,5,1,133.0,7,10.0
733,1,14.0,10.0,Mobile Phone,Debit Card,3,7,471.0,6,24.0
734,1,36.0,11.0,Mobile Phone,Debit Card,4,2,352.0,10,1.0
735,1,35.0,20.0,Mobile Phone,Credit Card,1,2,376.0,11,44.0
736,0,43.0,28.0,Mobile Phone,Debit Card,4,1,345.0,1,14.0
737,0,31.0,18.0,Laptop,Cash on Delivery,3,6,124.0,5,43.0
738,0,31.0,17.0,Mobile Phone,Credit Card,5,8,382.0,13,21.0
739,0,46.0,20.0,Laptop,Cash on Delivery,4,1,233.0,9,42.0
740,1,15.0,16.0,Laptop,Cash on Delivery,5,1,233.5,9,42.0
741,1,35.0,12.0,Mobile Phone,Cash on Delivery,4,4,170.0,9,16.0
742,0,42.0,22.0,Mobile Phone,Cash on Delivery,2,6,32.0,9,47.0
743,0,36.0,16.0,Mobile Phone,Debit Card,5,2,209.0,6,19.0
744,0,42.0,14.0,Mobile Phone,Cash on Delivery,2,5,462.0,5,5.0
745,0,32.0,7.0,Mobile Phone,Cash on Delivery,2,9,270.0,1,29.0
746,1,38.0,2.0,Mobile Phone,Debit Card,1,5,5.0,3,13.0
747,1,21.0,21.0,Mobile Phone,Cash on Delivery,1,3,233.5,9,50.0
748,0,21.0,15.0,Mobile Phone,Debit Card,2,4,291.0,3,23.0
749,0,16.0,14.0,Laptop,Cash on Delivery,2,1,359.0,5,14.0
750,1,25.0,20.0,Laptop,Debit Card,4,4,390.0,11,34.0
751,1,48.0,12.0,Laptop,Cash on Delivery,4,2,370.0,11,19.0
752,1,29.0,10.0,Mobile Phone,Credit Card,2,7,366.0,5,23.0
753,0,31.0,18.0,Mobile Phone,Cash on Delivery,4,6,347.0,13,32.0
754,0,9.0,16.0,Mobile Phone,Debit Card,5,3,270.0,14,13.0
755,1,47.0,1.0,Mobile Phone,Cash on Delivery,3,3,97.0,12,48.0
756,1,16.0,27.0,Mobile Phone,Credit Card,2,6,293.0,10,46.0
757,0,28.0,33.0,Laptop,Cash on Delivery,1,2,17.0,16,46.0
758,0,29.0,15.0,Mobile Phone,Debit Card,1,3,233.5,10,44.0
759,1,30.0,12.0,Mobile Phone,Debit Card,5,4,192.0,3,38.0
760,0,33.0,12.0,Mobile Phone,Debit Card,1,6,106.0,17,13.0
761,0,76.0,15.0,Mobile Phone,Debit Card,2,6,25.0,8,4.0
762,0,44.0,21.0,Mobile Phone,Debit Card,3,6,462.0,3,7.0
763,0,39.0,20.0,Mobile Phone,Cash on Delivery,3,2,223.0,8,36.0
764,1,-0.0,8.0,Mobile Phone,Credit Card,2,1,110.0,4,3.0
765,1,24.0,8.0,Mobile Phone,Cash on Delivery,5,1,360.0,7,1.0
766,1,51.0,36.0,Laptop,Cash on Delivery,3,1,338.0,7,48.0
767,0,30.0,9.0,Laptop,Debit Card,1,9,219.0,9,4.0
768,1,19.0,24.0,Laptop,Credit Card,3,4,140.0,14,3.0
769,1,41.0,8.0,Mobile Phone,Credit Card,5,3,416.0,17,29.0
770,1,24.0,21.0,Mobile Phone,Cash on Delivery,4,2,125.0,10,13.0
771,1,49.0,26.0,Mobile Phone,Debit Card,2,4,28.0,7,23.0
772,0,33.0,22.0,Mobile Phone,Credit Card,2,2,171.0,11,45.0
773,0,22.0,31.0,Laptop,Cash on Delivery,1,7,226.0,3,23.0
774,0,66.0,13.0,Mobile Phone,Credit Card,1,6,11.0,4,38.0
775,0,32.0,26.0,Mobile Phone,Credit Card,2,3,307.0,16,23.0
776,0,27.0,26.0,Laptop,Cash on Delivery,3,1,199.0,3,31.0
777,1,12.0,7.0,Mobile Phone,Cash on Delivery,2,7,188.0,11,35.0
778,1,32.0,26.0,Laptop,Debit Card,2,7,113.0,13,26.0
779,0,31.0,16.0,Mobile Phone,Debit Card,3,6,443.0,17,51.0
780,1,21.0,12.0,Mobile Phone,Credit Card,2,3,411.0,12,7.0
781,0,10.0,16.0,Laptop,Cash on Delivery,5,5,395.0,7,17.0
782,1,25.0,22.0,Mobile Phone,Credit Card,2,9,430.0,13,29.0
783,1,34.0,16.0,Mobile Phone,Cash on Delivery,3,1,63.0,8,14.0
784,0,54.0,24.0,Mobile Phone,Debit Card,4,7,206.0,6,2.0
785,0,30.0,8.0,Mobile Phone,Debit Card,2,9,241.0,3,39.0
786,0,40.0,6.0,Mobile Phone,Credit Card,5,9,108.0,12,18.0
787,0,53.0,23.0,Mobile Phone,Cash on Delivery,2,8,450.0,13,14.0
788,1,-2.0,23.0,Laptop,Cash on Delivery,5,5,63.0,17,36.0
789,1,15.0,19.0,Mobile Phone,Credit Card,4,3,397.0,3,1.0
790,0,17.0,9.0,Laptop,Debit Card,3,4,233.5,3,18.0
791,1,50.0,28.0,Laptop,Debit Card,4,1,190.0,12,37.0
792,0,14.0,13.0,Mobile Phone,Credit Card,5,1,338.0,4,29.0
793,0,4.0,9.0,Laptop,Cash on Delivery,4,1,76.0,6,48.0
794,1,45.0,20.0,Mobile Phone,Debit Card,3,7,215.0,11,15.0
795,1,23.0,18.0,Mobile Phone,Cash on Delivery,1,5,295.0,1,53.0
796,0,25.0,-1.0,Laptop,Debit Card,1,3,428.0,12,5.0
797,1,20.0,21.0,Mobile Phone,Credit Card,1,3,300.0,17,35.0
798,1,16.0,13.0,Laptop,Cash on Delivery,3,3,29.0,5,41.0
799,0,36.0,22.0,Mobile Phone,Debit Card,5,9,286.0,3,2.0
800,0,45.0,23.0,Laptop,Credit Card,1,8,205.0,11,40.0
801,1,32.0,19.0,Laptop,Debit Card,5,9,275.0,10,50.0
802,0,6.0,23.0,Mobile Phone,Debit Card,2,1,162.0,11,25.0
803,1,36.0,24.0,Mobile Phone,Debit Card,1,7,269.0,7,35.0
804,0,49.0,13.0,Mobile Phone,Debit Card,5,9,232.0,6,23.0
805,1,25.0,17.0,Mobile Phone,Debit Card,2,7,440.0,6,32.0
806,0,35.0,10.0,Mobile Phone,Credit Card,1,7,431.0,10,17.0
807,0,24.0,14.0,Mobile Phone,Cash on Delivery,3,9,191.0,13,46.0
808,0,23.0,12.0,Mobile Phone,Credit Card,5,7,228.0,2,2.0
809,0,5.0,12.0,Mobile Phone,Debit Card,3,8,456.0,16,16.0
810,0,59.0,23.0,Laptop,Credit Card,3,5,316.0,11,40.0
811,1,24.0,28.0,Laptop,Cash on Delivery,5,1,292.0,6,28.0
812,1,48.0,16.0,Laptop,Cash on Delivery,5,5,269.0,6,32.0
813,1,5.0,16.0,Mobile Phone,Cash on Delivery,5,8,137.0,15,32.0
814,1,38.0,15.0,Mobile Phone,Credit Card,2,3,105.0,2,29.0
815,1,27.0,12.0,Laptop,Cash on Delivery,1,8,367.0,3,43.0
816,1,10.0,11.0,Mobile Phone,Cash on Delivery,5,9,238.0,5,22.0
817,1,43.0,21.0,Mobile Phone,Cash on Delivery,5,3,128.0,5,35.0
818,0,22.0,22.0,Mobile Phone,Cash on Delivery,1,9,393.0,13,35.0
819,0,19.0,10.0,Laptop,Credit Card,1,5,206.0,1,22.0
820,1,28.0,16.0,Mobile Phone,Cash on Delivery,3,8,160.0,12,9.0
821,1,24.0,12.0,Mobile Phone,Cash on Delivery,3,5,349.0,2,18.0
822,0,28.0,5.0,Mobile Phone,Credit Card,4,3,33.0,3,5.0
823,0,40.0,21.0,Mobile Phone,Credit Card,4,8,233.5,10,8.0
824,0,29.0,23.0,Mobile Phone,Debit Card,2,6,208.0,5,34.0
825,1,15.0,6.0,Mobile Phone,Debit Card,4,9,144.0,9,53.0
826,1,53.0,16.0,Mobile Phone,Cash on Delivery,3,2,93.0,10,49.0
827,0,55.0,22.0,Mobile Phone,Cash on Delivery,2,5,398.0,8,33.0
828,1,19.0,20.0,Laptop,Credit Card,5,9,256.0,5,45.0
829,0,32.0,7.0,Mobile Phone,Credit Card,5,4,234.0,17,9.0
830,1,37.0,11.0,Mobile Phone,Cash on Delivery,5,1,262.0,3,36.0
831,1,24.0,20.0,Mobile Phone,Credit Card,3,8,233.5,10,28.0
832,0,33.0,17.0,Laptop,Cash on Delivery,4,5,65.0,12,18.0
833,0,23.0,2.0,Mobile Phone,Credit Card,4,9,66.0,8,18.0
834,0,52.0,18.0,Mobile Phone,Debit Card,4,3,257.0,16,4.0
835,0,32.0,22.0,Mobile Phone,Debit Card,3,2,233.5,11,9.0
836,0,40.0,19.0,Mobile Phone,Debit Card,3,4,120.0,2,21.0
837,1,40.0,19.0,Mobile Phone,Credit Card,2,3,295.0,15,29.0
838,1,53.0,14.0,Laptop,Cash on Delivery,2,1,246.0,5,5.0
839,1,29.0,23.0,Mobile Phone,Credit Card,4,8,177.0,7,49.0
840,0,23.0,14.0,Laptop,Cash on Delivery,3,1,197.0,6,37.0
841,0,32.0,12.0,Mobile Phone,Cash on Delivery,3,6,385.0,11,8.0
842,1,48.0,28.0,Mobile Phone,Credit Card,4,2,306.0,15,36.0
843,1,51.0,31.0,Laptop,Debit Card,5,5,233.5,7,29.0
844,0,58.0,16.0,Mobile Phone,Debit Card,4,7,208.0,11,35.0
845,0,26.0,15.0,Laptop,Credit Card,5,5,413.0,1,29.0
846,1,32.0,12.0,Laptop,Credit Card,2,6,375.0,12,31.0
847,1,38.0,16.0,Mobile Phone,Cash on Delivery,1,7,189.0,14,54.0
848,1,34.0,26.0,Mobile Phone,Debit Card,2,4,118.0,11,33.0
849,0,53.0,18.0,Mobile Phone,Credit Card,5,4,243.0,15,30.0
850,1,51.0,8.0,Mobile Phone,Cash on Delivery,5,8,75.0,7,32.0
851,1,45.0,1.0,Laptop,Debit Card,3,6,44.0,11,24.0
852,0,30.0,30.0,Mobile Phone,Cash on Delivery,1,3,156.0,15,26.0
853,0,28.0,11.0,Mobile Phone,Debit Card,5,4,26.0,10,22.0
854,1,30.0,3.0,Mobile Phone,Cash on Delivery,2,1,130.0,11,47.0
855,1,38.0,22.0,Mobile Phone,Cash on Delivery,5,4,450.0,10,49.0
856,1,57.0,14.0,Laptop,Credit Card,4,7,76.0,9,44.0
857,1,44.0,20.0,Mobile Phone,Cash on Delivery,3,9,277.0,3,10.0
858,0,18.0,16.0,Mobile Phone,Credit Card,3,7,265.0,4,52.0
859,0,22.0,8.0,Mobile Phone,Credit Card,1,4,5.0,16,39.0
860,0,28.0,9.0,Mobile Phone,Credit Card,4,1,438.0,4,15.0
861,1,51.0,17.0,Mobile Phone,Cash on Delivery,4,6,184.0,13,16.0
862,1,43.0,5.0,Mobile Phone,Cash on Delivery,2,3,232.0,13,4.0
863,0,46.0,17.0,Laptop,Credit Card,4,3,275.0,9,44.0
864,0,26.0,16.0,Mobile Phone,Credit Card,2,8,157.0,17,12.0
865,1,13.0,21.0,Laptop,Credit Card,5,3,463.0,16,15.0
866,1,29.0,15.0,Mobile Phone,Cash on Delivery,2,5,271.0,7,19.0
867,1,40.0,2.0,Laptop,Debit Card,2,1,197.0,16,22.0
868,0,50.0,13.0,Mobile Phone,Cash on Delivery,3,9,341.0,4,43.0
869,1,40.0,16.0,Laptop,Cash on Delivery,2,5,38.0,4,32.0
870,1,44.0,23.0,Laptop,Debit Card,3,8,413.0,7,34.0
871,0,26.0,5.0,Mobile Phone,Credit Card,5,1,30.0,13,37.0
872,0,28.0,18.0,Mobile Phone,Credit Card,2,1,262.0,3,27.0
873,0,34.0,22.0,Mobile Phone,Debit Card,2,3,282.0,3,10.0
874,0,26.0,25.0,Laptop,Debit Card,5,6,458.0,10,50.0
875,1,37.0,16.0,Mobile Phone,Credit Card,1,1,395.0,7,45.0
876,1,36.0,16.0,Mobile Phone,Debit Card,3,1,375.0,4,38.0
877,0,16.0,20.0,Mobile Phone,Debit Card,1,6,233.5,15,6.0
878,0,53.0,22.0,Mobile Phone,Credit Card,3,9,58.0,14,42.0
879,0,19.0,6.0,Laptop,Cash on Delivery,4,5,233.5,12,24.0
880,1,46.0,2.0,Laptop,Credit Card,1,4,236.0,5,32.0
881,0,23.0,21.0,Laptop,Cash on Delivery,1,5,194.0,11,42.0
882,0,34.0,14.0,Mobile Phone,Credit Card,2,8,441.0,12,8.0
883,0,31.0,19.0,Mobile Phone,Cash on Delivery,2,1,138.0,7,22.0
884,0,5.0,19.0,Mobile Phone,Debit Card,4,7,319.0,5,48.0
885,0,37.0,16.0,Mobile Phone,Cash on Delivery,5,6,79.0,2,22.0
886,1,15.0,27.0,Mobile Phone,Cash on Delivery,3,6,117.0,1,19.0
887,0,-5.0,17.0,Mobile Phone,Debit Card,2,3,177.0,10,2.0
888,0,50.0,14.0,Mobile Phone,Debit Card,5,8,393.0,1,21.0
889,1,22.0,16.0,Mobile Phone,Debit Card,5,1,191.0,8,38.0
890,1,5.0,1.0,Mobile Phone,Debit Card,4,7,194.0,16,36.0
891,0,71.0,18.0,Mobile Phone,Debit Card,1,1,180.0,11,32.0
892,0,46.0,13.0,Mobile Phone,Debit Card,4,8,227.0,15,31.0
893,0,27.0,18.0,Mobile Phone,Credit Card,1,5,244.0,6,43.0
894,0,21.0,17.0,Mobile Phone,Debit Card,1,3,377.0,17,39.0
895,1,39.0,7.0,Mobile Phone,Cash on Delivery,3,1,228.0,6,47.0
896,0,-1.0,23.0,Mobile Phone,Credit Card,2,3,262.0,8,40.0
897,0,17.0,30.0,Laptop,Cash on Delivery,3,6,233.5,10,44.0
898,0,24.0,16.0,Laptop,Debit Card,2,9,340.0,1,24.0
899,1,32.0,15.0,Mobile Phone,Credit Card,4,8,44.0,9,29.0
900,0,49.0,11.0,Mobile Phone,Debit Card,1,6,466.0,6,32.0
901,1,36.0,27.0,Mobile Phone,Debit Card,5,9,316.0,5,37.0
902,1,37.0,13.0,Mobile Phone,Credit Card,3,4,314.0,12,29.0
903,1,32.0,19.0,Mobile Phone,Debit Card,1,9,148.0,1,17.0
904,0,26.0,8.0,Laptop,Cash on Delivery,3,9,404.0,13,31.0
905,0,53.0,26.0,Mobile Phone,Debit Card,2,5,45.0,2,17.0
906,1,37.0,27.0,Mobile Phone,Credit Card,5,7,233.5,3,8.0
907,0,26.0,20.0,Mobile Phone,Credit Card,3,2,445.0,10,35.0
908,1,38.0,13.0,Mobile Phone,Credit Card,3,8,468.0,3,29.0
909,0,24.0,19.0,Laptop,Cash on Delivery,2,5,444.0,2,31.0
910,0,35.0,7.0,Laptop,Credit Card,1,2,402.0,10,35.0
911,0,23.0,3.0,Mobile Phone,Debit Card,2,2,233.5,4,6.0
912,0,61.0,21.0,Mobile Phone,Cash on Delivery,3,6,171.0,2,8.0
913,0,14.0,24.0,Laptop,Cash on Delivery,1,8,468.0,1,14.0
914,1,31.0,15.0,Laptop,Credit Card,4,5,151.0,11,46.0
915,1,35.0,8.0,Laptop,Credit Card,4,8,322.0,14,20.0
916,0,53.0,16.0,Laptop,Cash on Delivery,3,1,352.0,9,23.0
917,1,14.0,14.0,Mobile Phone,Credit Card,5,2,2.0,12,44.0
918,0,24.0,30.0,Laptop,Debit Card,2,7,233.5,4,1.0
919,1,33.0,16.0,Mobile Phone,Credit Card,3,6,71.0,13,42.0
920,0,47.0,11.0,Laptop,Credit Card,3,2,59.0,13,23.0
921,1,70.0,21.0,Mobile Phone,Debit Card,5,2,100.0,13,43.0
922,0,23.0,15.0,Mobile Phone,Cash on Delivery,4,9,84.0,3,28.0
923,0,29.0,9.0,Mobile Phone,Cash on Delivery,2,2,445.0,9,39.0
924,0,64.0,10.0,Laptop,Cash on Delivery,1,3,474.0,1,51.0
925,0,34.0,20.0,Laptop,Credit Card,1,1,238.0,15,11.0
926,1,17.0,22.0,Laptop,Debit Card,5,3,291.0,3,18.0
927,0,41.0,22.0,Laptop,Cash on Delivery,3,8,233.5,17,28.0
928,1,32.0,18.0,Mobile Phone,Debit Card,2,4,305.0,12,2.0
929,0,20.0,19.0,Mobile Phone,Credit Card,5,1,243.0,12,21.0
930,1,43.0,4.0,Mobile Phone,Debit Card,3,1,380.0,1,3.0
931,1,41.0,29.0,Laptop,Cash on Delivery,1,6,233.5,2,11.0
932,0,26.0,4.0,Laptop,Credit Card,5,1,391.0,2,26.0
933,0,50.0,21.0,Mobile Phone,Credit Card,3,7,308.0,10,28.0
934,0,10.0,29.0,Laptop,Cash on Delivery,2,9,412.0,14,44.0
935,0,30.0,11.0,Mobile Phone,Credit Card,2,8,230.0,5,33.0
936,0,33.0,10.0,Mobile Phone,Cash on Delivery,5,9,262.0,13,24.0
937,1,54.0,5.0,Mobile Phone,Credit Card,4,6,210.0,12,27.0
938,0,21.0,15.0,Mobile Phone,Cash on Delivery,2,3,381.0,14,42.0
939,0,40.0,17.0,Mobile Phone,Credit Card,1,9,233.5,9,44.0
940,0,41.0,28.0,Mobile Phone,Credit Card,3,4,346.0,16,32.0
941,1,32.0,26.0,Laptop,Cash on Delivery,5,3,435.0,8,21.0
942,0,42.0,10.0,Mobile Phone,Cash on Delivery,1,5,106.0,9,46.0
943,1,32.0,19.0,Mobile Phone,Credit Card,2,6,418.0,12,29.0
944,1,27.0,25.0,Laptop,Debit Card,1,3,119.0,14,6.0
945,1,42.0,32.0,Mobile Phone,Debit Card,4,9,43.0,9,22.0
946,0,44.0,18.0,Mobile Phone,Debit Card,2,8,469.0,10,36.0
947,1,52.0,20.0,Mobile Phone,Cash on Delivery,4,6,234.0,8,4.0
948,1,16.0,12.0,Mobile Phone,Credit Card,3,5,5.0,15,2.0
949,1,23.0,7.0,Laptop,Cash on Delivery,2,8,26.0,12,11.0
950,0,37.0,23.0,Mobile Phone,Debit Card,4,8,334.0,4,14.0
951,1,38.0,17.0,Mobile Phone,Debit Card,2,8,233.5,14,8.0
952,1,39.0,21.0,Mobile Phone,Debit Card,1,6,233.5,9,45.0
953,1,20.0,17.0,Laptop,Cash on Delivery,3,6,26.0,14,45.0
954,1,20.0,7.0,Mobile Phone,Credit Card,2,2,62.0,10,37.0
955,0,32.0,13.0,Mobile Phone,Cash on Delivery,2,1,245.0,12,49.0
956,1,60.0,27.0,Mobile Phone,Credit Card,1,8,233.5,10,16.0
957,1,22.0,0.0,Laptop,Cash on Delivery,5,1,272.0,12,6.0
958,0,10.0,18.0,Mobile Phone,Debit Card,4,9,229.0,1,25.0
959,0,32.0,11.0,Mobile Phone,Debit Card,2,4,477.0,15,7.0
960,1,34.0,22.0,Mobile Phone,Debit Card,2,6,291.0,11,19.0
961,1,41.0,12.0,Laptop,Debit Card,4,5,212.0,11,49.0
962,0,-3.0,20.0,Mobile Phone,Debit Card,4,9,119.0,14,42.0
963,0,-0.0,14.0,Laptop,Credit Card,2,1,100.0,13,18.0
964,1,48.0,16.0,Mobile Phone,Cash on Delivery,3,4,182.0,13,23.0
965,1,16.0,8.0,Laptop,Debit Card,1,9,429.0,10,17.0
966,0,48.0,11.0,Mobile Phone,Cash on Delivery,4,4,337.0,16,14.0
967,1,29.0,14.0,Mobile Phone,Cash on Delivery,5,7,152.0,15,29.0
968,0,33.0,26.0,Mobile Phone,Credit Card,2,5,78.0,9,26.0
969,0,18.0,13.0,Mobile Phone,Debit Card,2,8,227.0,9,17.0
970,1,33.0,4.0,Mobile Phone,Debit Card,2,4,119.0,14,47.0
971,1,1.0,22.0,Mobile Phone,Credit Card,3,5,169.0,1,29.0
972,0,28.0,25.0,Mobile Phone,Debit Card,3,5,122.0,12,25.0
973,0,35.0,14.0,Mobile Phone,Cash on Delivery,1,4,129.0,12,29.0
974,1,39.0,17.0,Mobile Phone,Cash on Delivery,1,5,233.5,2,16.0
975,0,24.0,19.0,Mobile Phone,Cash on Delivery,2,5,111.0,13,21.0
976,0,41.0,5.0,Laptop,Debit Card,4,5,111.0,13,16.0
977,1,58.0,13.0,Mobile Phone,Debit Card,5,3,303.0,14,38.0
978,1,37.0,15.0,Mobile Phone,Cash on Delivery,2,5,440.0,9,51.0
979,0,21.0,26.0,Mobile Phone,Debit Card,4,4,321.0,4,44.0
980,0,34.0,20.0,Mobile Phone,Debit Card,4,8,138.0,3,29.0
981,1,22.0,27.0,Mobile Phone,Credit Card,5,2,398.0,1,15.0
982,1,55.0,16.0,Mobile Phone,Cash on Delivery,3,4,197.0,1,52.0
983,1,32.0,26.0,Mobile Phone,Credit Card,2,3,233.5,11,42.0
984,0,23.0,19.0,Laptop,Credit Card,4,2,123.0,10,2.0
985,0,19.0,11.0,Laptop,Debit Card,3,8,247.0,14,6.0
986,0,8.0,18.0,Mobile Phone,Credit Card,4,1,442.0,3,6.0
987,0,41.0,18.0,Mobile Phone,Cash on Delivery,2,7,413.0,13,39.0
988,0,13.0,19.0,Mobile Phone,Debit Card,3,2,364.0,7,29.0
989,0,38.0,35.0,Mobile Phone,Cash on Delivery,5,3,436.0,3,54.0
990,1,47.0,27.0,Mobile Phone,Debit Card,3,9,223.0,17,29.0
991,0,35.0,28.0,Laptop,Credit Card,1,7,203.0,4,29.0
992,0,26.0,14.0,Mobile Phone,Credit Card,5,1,158.0,17,17.0
993,1,53.0,-2.0,Mobile Phone,Credit Card,4,3,420.0,12,48.0
994,0,33.0,26.0,Laptop,Cash on Delivery,5,8,428.0,3,2.0
995,0,39.0,21.0,Mobile Phone,Cash on Delivery,5,4,79.0,10,54.0
996,1,29.0,-1.0,Mobile Phone,Credit Card,3,2,267.0,12,47.0
997,0,59.0,23.0,Mobile Phone,Debit Card,2,5,361.0,3,45.0
998,1,33.0,16.0,Mobile Phone,Debit Card,2,6,398.0,17,37.0
999,0,40.0,12.0,Mobile Phone,Debit Card,2,7,90.0,12,17.0
1000,1,47.0,23.0,Mobile Phone,Cash on Delivery,4,4,223.0,11,31.0
1001,0,14.0,4.0,Mobile Phone,Cash on Delivery,2,1,454.0,14,17.0
1002,0,32.0,23.0,Mobile Phone,Debit Card,3,9,15.0,5,3.0
1003,1,60.0,23.0,Mobile Phone,Cash on Delivery,5,9,86.0,11,49.0
1004,0,6.0,17.0,Mobile Phone,Debit Card,1,7,136.0,4,23.0
1005,0,26.0,16.0,Laptop,Debit Card,3,5,86.0,13,23.0
1006,0,44.0,15.0,Mobile Phone,Debit Card,3,3,20.0,4,9.0
1007,1,38.0,13.0,Mobile Phone,Debit Card,1,1,365.0,1,51.0
1008,0,43.0,20.0,Mobile Phone,Debit Card,3,2,302.0,9,14.0
1009,0,24.0,21.0,Mobile Phone,Cash on Delivery,5,7,213.0,12,4.0
1010,1,33.0,15.0,Laptop,Credit Card,5,8,98.0,8,23.0
1011,0,35.0,27.0,Laptop,Cash on Delivery,1,2,475.0,6,34.0
1012,0,39.0,14.0,Mobile Phone,Cash on Delivery,1,7,2.0,4,43.0
1013,1,14.0,16.0,Mobile Phone,Credit Card,4,5,294.0,16,50.0
1014,1,27.0,12.0,Laptop,Cash on Delivery,5,3,35.0,16,54.0
1015,1,32.0,23.0,Laptop,Debit Card,2,5,426.0,5,11.0
1016,1,8.0,11.0,Mobile Phone,Credit Card,1,7,77.0,6,26.0
1017,1,45.0,13.0,Laptop,Debit Card,1,4,362.0,2,44.0
1018,1,32.0,17.0,Mobile Phone,Debit Card,3,2,40.0,15,13.0
1019,0,35.0,16.0,Mobile Phone,Debit Card,4,5,203.0,4,52.0
1020,1,51.0,28.0,Laptop,Credit Card,3,6,389.0,11,38.0
1021,0,46.0,12.0,Laptop,Cash on Delivery,2,9,38.0,5,45.0
1022,0,32.0,21.0,Mobile Phone,Credit Card,1,3,90.0,10,7.0
1023,0,19.0,17.0,Mobile Phone,Debit Card,1,7,250.0,9,18.0
1024,0,37.0,16.0,Laptop,Cash on Delivery,1,2,210.0,2,44.0
1025,1,26.0,9.0,Laptop,Credit Card,3,6,399.0,2,41.0
1026,0,24.0,5.0,Mobile Phone,Cash on Delivery,4,9,31.0,6,9.0
1027,0,28.0,16.0,Laptop,Credit Card,4,5,369.0,3,27.0
1028,1,27.0,5.0,Laptop,Cash on Delivery,4,5,222.0,6,8.0
1029,1,25.0,23.0,Mobile Phone,Debit Card,4,3,447.0,12,8.0
1030,1,17.0,16.0,Mobile Phone,Credit Card,1,6,348.0,13,39.0
1031,1,32.0,22.0,Mobile Phone,Debit Card,3,1,349.0,3,48.0
1032,0,32.0,15.0,Mobile Phone,Credit Card,1,9,326.0,1,9.0
1033,0,44.0,13.0,Mobile Phone,Credit Card,5,5,83.0,12,18.0
1034,0,55.0,21.0,Laptop,Debit Card,1,3,233.5,5,47.0
1035,0,50.0,12.0,Laptop,Cash on Delivery,4,2,103.0,10,23.0
1036,0,32.0,19.0,Mobile Phone,Debit Card,4,3,362.0,6,53.0
1037,0,42.0,18.0,Laptop,Debit Card,5,9,161.0,1,6.0
1038,0,37.0,7.0,Laptop,Debit Card,3,3,264.0,8,40.0
1039,1,27.0,16.0,Mobile Phone,Cash on Delivery,2,2,153.0,4,17.0
1040,0,32.0,15.0,Mobile Phone,Debit Card,5,8,261.0,7,13.0
1041,0,13.0,11.0,Mobile Phone,Credit Card,4,8,42.0,1,50.0
1042,1,23.0,16.0,Mobile Phone,Cash on Delivery,1,4,232.0,2,49.0
1043,0,54.0,14.0,Mobile Phone,Credit Card,1,3,236.0,14,45.0
1044,1,44.0,11.0,Laptop,Credit Card,5,6,113.0,3,39.0
1045,1,35.0,9.0,Laptop,Debit Card,1,7,58.0,10,19.0
1046,1,36.0,18.0,Mobile Phone,Credit Card,5,3,411.0,12,44.0
1047,1,21.0,16.0,Mobile Phone,Cash on Delivery,3,8,59.0,17,1.0
1048,0,45.0,10.0,Mobile Phone,Credit Card,4,4,341.0,8,39.0
1049,0,41.0,23.0,Laptop,Cash on Delivery,3,8,251.0,6,54.0
1050,0,33.0,13.0,Mobile Phone,Debit Card,4,9,203.0,13,9.0
1051,0,17.0,14.0,Mobile Phone,Debit Card,2,2,166.0,17,50.0
1052,1,31.0,16.0,Laptop,Credit Card,2,7,135.0,9,40.0
1053,1,54.0,7.0,Mobile Phone,Cash on Delivery,3,8,161.0,3,25.0
1054,1,39.0,16.0,Mobile Phone,Cash on Delivery,3,6,383.0,4,35.0
1055,0,40.0,19.0,Laptop,Cash on Delivery,4,6,224.0,4,54.0
1056,1,39.0,23.0,Laptop,Debit Card,3,4,198.0,16,18.0
1057,1,12.0,26.0,Mobile Phone,Debit Card,2,5,233.5,9,24.0
1058,1,22.0,29.0,Mobile Phone,Credit Card,4,1,179.0,10,29.0
1059,1,36.0,23.0,Laptop,Debit Card,2,9,156.0,10,32.0
1060,1,42.0,8.0,Mobile Phone,Cash on Delivery,2,9,309.0,12,5.0
1061,0,30.0,6.0,Mobile Phone,Debit Card,5,7,66.0,1,14.0
1062,0,44.0,20.0,Mobile Phone,Credit Card,1,6,322.0,9,3.0
1063,1,46.0,12.0,Laptop,Cash on Delivery,3,1,314.0,6,11.0
1064,0,25.0,14.0,Mobile Phone,Cash on Delivery,3,3,273.0,2,17.0
1065,1,38.0,25.0,Mobile Phone,Cash on Delivery,5,7,272.0,14,23.0
1066,0,3.0,16.0,Laptop,Credit Card,3,7,441.0,7,52.0
1067,1,36.0,28.0,Mobile Phone,Credit Card,2,5,69.0,3,17.0
1068,0,32.0,17.0,Laptop,Debit Card,3,4,230.0,13,32.0
1069,1,26.0,21.0,Mobile Phone,Credit Card,4,3,244.0,9,54.0
1070,0,23.0,3.0,Mobile Phone,Credit Card,2,4,24.0,16,22.0
1071,0,33.0,19.0,Laptop,Cash on Delivery,1,4,271.0,9,31.0
1072,1,24.0,18.0,Mobile Phone,Cash on Delivery,1,1,233.5,6,29.0
1073,0,28.0,14.0,Mobile Phone,Cash on Delivery,4,6,37.0,13,25.0
1074,0,16.0,12.0,Mobile Phone,Credit Card,5,4,358.0,10,24.0
1075,0,39.0,16.0,Mobile Phone,Credit Card,1,4,107.0,6,36.0
1076,0,12.0,3.0,Mobile Phone,Debit Card,5,5,330.0,12,43.0
1077,0,13.0,11.0,Mobile Phone,Cash on Delivery,1,6,233.5,12,38.0
1078,1,58.0,28.0,Laptop,Credit Card,2,6,233.5,8,26.0
1079,1,40.0,13.0,Laptop,Cash on Delivery,5,4,147.0,6,23.0
1080,0,32.0,20.0,Mobile Phone,Credit Card,5,4,109.0,12,44.0
1081,1,26.0,16.0,Mobile Phone,Debit Card,2,9,76.0,14,17.0
1082,0,19.0,1.0,Mobile Phone,Debit Card,4,7,453.0,9,34.0
1083,0,39.0,24.0,Mobile Phone,Debit Card,3,8,221.0,16,29.0
1084,1,61.0,15.0,Mobile Phone,Cash on Delivery,3,6,2.0,7,33.0
1085,1,4.0,21.0,Laptop,Cash on Delivery,1,3,181.0,13,29.0
1086,0,14.0,22.0,Mobile Phone,Credit Card,4,1,409.0,3,26.0
1087,0,5.0,13.0,Mobile Phone,Credit Card,3,2,384.0,1,41.0
1088,0,14.0,16.0,Mobile Phone,Debit Card,3,4,204.0,3,12.0
1089,0,30.0,16.0,Laptop,Debit Card,3,6,360.0,15,29.0
1090,1,46.0,26.0,Mobile Phone,Cash on Delivery,5,4,248.0,3,25.0
1091,0,42.0,29.0,Laptop,Debit Card,4,8,442.0,9,29.0
1092,1,31.0,22.0,Laptop,Credit Card,5,1,433.0,3,18.0
1093,1,27.0,16.0,Laptop,Debit Card,3,9,137.0,2,35.0
1094,1,33.0,12.0,Mobile Phone,Cash on Delivery,5,7,336.0,16,27.0
1095,0,3.0,23.0,Laptop,Credit Card,5,2,297.0,17,35.0
1096,1,34.0,11.0,Mobile Phone,Credit Card,1,9,141.0,4,29.0
1097,0,18.0,19.0,Mobile Phone,Debit Card,3,3,105.0,8,4.0
1098,0,21.0,14.0,Mobile Phone,Credit Card,1,4,286.0,17,29.0
1099,1,39.0,12.0,Laptop,Credit Card,4,6,457.0,2,8.0
1100,1,43.0,24.0,Mobile Phone,Cash on Delivery,4,5,47.0,16,30.0
1101,1,40.0,7.0,Mobile Phone,Debit Card,1,7,119.0,17,12.0
1102,1,28.0,23.0,Mobile Phone,Credit Card,4,6,424.0,16,29.0
1103,1,27.0,7.0,Mobile Phone,Cash on Delivery,3,3,316.0,13,17.0
1104,0,38.0,16.0,Mobile Phone,Debit Card,5,2,77.0,6,17.0
1105,0,29.0,12.0,Laptop,Debit Card,3,5,435.0,1,35.0
1106,0,14.0,21.0,Laptop,Credit Card,2,4,406.0,16,46.0
1107,1,48.0,22.0,Mobile Phone,Debit Card,4,4,390.0,2,26.0
1108,0,25.0,4.0,Mobile Phone,Debit Card,4,2,357.0,9,31.0
1109,0,9.0,14.0,Mobile Phone,Cash on Delivery,2,8,438.0,3,12.0
1110,0,9.0,19.0,Laptop,Credit Card,2,2,184.0,8,52.0
1111,0,28.0,13.0,Mobile Phone,Debit Card,2,4,467.0,14,52.0
1112,1,48.0,10.0,Mobile Phone,Debit Card,2,4,67.0,7,24.0
1113,0,50.0,19.0,Mobile Phone,Cash on Delivery,1,8,445.0,3,9.0
1114,1,41.0,20.0,Mobile Phone,Debit Card,1,3,233.5,14,10.0
1115,1,15.0,19.0,Mobile Phone,Credit Card,5,8,277.0,13,33.0
1116,0,33.0,12.0,Laptop,Credit Card,3,2,50.0,12,6.0
1117,1,50.0,14.0,Laptop,Credit Card,3,2,190.0,2,45.0
1118,0,16.0,12.0,Mobile Phone,Debit Card,1,5,100.0,6,7.0
1119,1,28.0,18.0,Mobile Phone,Credit Card,5,4,85.0,6,6.0
1120,0,25.0,24.0,Laptop,Debit Card,5,4,8.0,9,29.0
1121,0,63.0,30.0,Mobile Phone,Cash on Delivery,1,8,212.0,1,9.0
1122,1,49.0,2.0,Mobile Phone,Credit Card,4,3,417.0,7,10.0
1123,0,42.0,6.0,Mobile Phone,Cash on Delivery,5,9,120.0,3,7.0
1124,0,59.0,16.0,Mobile Phone,Debit Card,1,3,87.0,8,23.0
1125,0,37.0,14.0,Mobile Phone,Cash on Delivery,1,4,376.0,13,51.0
1126,0,35.0,19.0,Mobile Phone,Credit Card,4,1,233.5,6,29.0
1127,0,56.0,17.0,Laptop,Debit Card,5,1,469.0,9,14.0
1128,1,31.0,20.0,Mobile Phone,Debit Card,3,5,224.0,9,29.0
1129,1,13.0,16.0,Mobile Phone,Debit Card,4,6,163.0,8,3.0
1130,1,49.0,7.0,Mobile Phone,Cash on Delivery,1,3,158.0,4,3.0
1131,1,27.0,12.0,Mobile Phone,Cash on Delivery,5,5,51.0,8,1.0
1132,1,54.0,7.0,Mobile Phone,Credit Card,1,5,256.0,15,19.0
1133,1,0.0,15.0,Mobile Phone,Credit Card,4,8,302.0,6,29.0
1134,0,49.0,18.0,Laptop,Debit Card,3,8,233.5,1,2.0
1135,0,38.0,20.0,Mobile Phone,Credit Card,1,5,351.0,1,41.0
1136,1,26.0,14.0,Mobile Phone,Debit Card,2,7,233.5,10,17.0
1137,1,28.0,19.0,Mobile Phone,Credit Card,3,7,398.0,17,23.0
1138,1,41.0,-1.0,Mobile Phone,Debit Card,4,4,387.0,9,46.0
1139,1,31.0,15.0,Laptop,Debit Card,2,4,112.0,5,32.0
1140,1,37.0,12.0,Mobile Phone,Cash on Delivery,4,7,407.0,12,52.0
1141,1,31.0,23.0,Mobile Phone,Debit Card,2,1,297.0,4,27.0
1142,0,34.0,21.0,Mobile Phone,Cash on Delivery,1,6,462.0,17,43.0
1143,0,42.0,16.0,Mobile Phone,Debit Card,2,6,383.0,13,34.0
1144,1,9.0,21.0,Mobile Phone,Cash on Delivery,5,9,409.0,3,34.0
1145,1,29.0,21.0,Mobile Phone,Credit Card,3,6,263.0,11,39.0
1146,1,32.0,2.0,Mobile Phone,Cash on Delivery,1,1,466.0,3,27.0
1147,0,24.0,11.0,Mobile Phone,Debit Card,4,5,106.0,5,28.0
1148,1,57.0,25.0,Mobile Phone,Cash on Delivery,1,6,367.0,13,36.0
1149,1,20.0,11.0,Mobile Phone,Credit Card,1,3,176.0,5,43.0
1150,1,28.0,8.0,Mobile Phone,Cash on Delivery,5,6,144.0,6,44.0
1151,1,22.0,16.0,Laptop,Credit Card,2,1,328.0,6,45.0
1152,1,44.0,10.0,Mobile Phone,Cash on Delivery,4,5,329.0,9,29.0
1153,1,37.0,21.0,Mobile Phone,Debit Card,1,3,464.0,13,23.0
1154,1,59.0,17.0,Laptop,Cash on Delivery,5,9,444.0,9,6.0
1155,1,21.0,16.0,Laptop,Debit Card,5,6,234.0,2,34.0
1156,1,17.0,10.0,Mobile Phone,Cash on Delivery,1,4,60.0,5,26.0
1157,0,31.0,18.0,Laptop,Cash on Delivery,1,8,348.0,9,44.0
1158,0,36.0,12.0,Mobile Phone,Credit Card,4,1,338.0,5,6.0
1159,1,32.0,25.0,Mobile Phone,Debit Card,1,1,382.0,17,47.0
1160,1,43.0,16.0,Mobile Phone,Credit Card,3,5,384.0,12,51.0
1161,0,24.0,33.0,Mobile Phone,Debit Card,2,9,14.0,7,4.0
1162,0,30.0,14.0,Laptop,Debit Card,4,9,45.0,2,8.0
1163,1,26.0,18.0,Mobile Phone,Debit Card,3,6,455.0,14,8.0
1164,0,53.0,9.0,Laptop,Debit Card,4,2,185.0,2,31.0
1165,0,15.0,18.0,Mobile Phone,Credit Card,3,4,293.0,16,40.0
1166,1,51.0,12.0,Mobile Phone,Debit Card,4,6,476.0,2,39.0
1167,0,23.0,13.0,Laptop,Debit Card,3,9,321.0,10,9.0
1168,0,38.0,20.0,Mobile Phone,Cash on Delivery,3,2,9.0,9,29.0
1169,0,33.0,19.0,Mobile Phone,Credit Card,2,7,404.0,10,38.0
1170,0,31.0,25.0,Mobile Phone,Debit Card,4,3,417.0,4,46.0
1171,0,2.0,21.0,Laptop,Credit Card,1,2,158.0,9,29.0
1172,1,32.0,16.0,Laptop,Cash on Delivery,4,2,53.0,7,47.0
1173,1,42.0,21.0,Mobile Phone,Credit Card,5,7,85.0,4,21.0
1174,1,3.0,10.0,Laptop,Debit Card,2,1,52.0,2,6.0
1175,0,56.0,17.0,Mobile Phone,Debit Card,4,4,233.5,17,37.0
1176,0,47.0,21.0,Mobile Phone,Credit Card,2,5,186.0,10,11.0
1177,1,22.0,13.0,Laptop,Debit Card,3,9,247.0,15,9.0
1178,1,50.0,4.0,Mobile Phone,Credit Card,4,5,438.0,2,29.0
1179,1,29.0,14.0,Mobile Phone,Credit Card,5,7,397.0,14,10.0
1180,1,23.0,7.0,Laptop,Cash on Delivery,5,1,297.0,2,39.0
1181,1,58.0,5.0,Mobile Phone,Credit Card,1,4,342.0,17,53.0
1182,0,50.0,11.0,Laptop,Debit Card,3,1,448.0,7,7.0
1183,1,23.0,19.0,Laptop,Credit Card,4,2,149.0,1,26.0
1184,1,32.0,18.0,Mobile Phone,Debit Card,3,1,93.0,1,41.0
1185,1,47.0,19.0,Mobile Phone,Debit Card,3,8,130.0,17,14.0
1186,0,33.0,14.0,Mobile Phone,Debit Card,3,6,119.0,7,48.0
1187,0,31.0,25.0,Mobile Phone,Credit Card,1,1,42.0,11,4.0
1188,1,18.0,10.0,Laptop,Debit Card,5,5,405.0,4,41.0
1189,1,33.0,8.0,Laptop,Credit Card,4,5,428.0,8,21.0
1190,1,53.0,16.0,Mobile Phone,Credit Card,5,2,159.0,15,43.0
1191,1,32.0,7.0,Mobile Phone,Debit Card,5,3,354.0,3,42.0
1192,1,33.0,13.0,Laptop,Credit Card,5,2,95.0,6,29.0
1193,1,35.0,18.0,Mobile Phone,Cash on Delivery,5,6,406.0,16,15.0
1194,0,32.0,16.0,Mobile Phone,Debit Card,2,1,171.0,10,7.0
1195,1,43.0,16.0,Mobile Phone,Debit Card,4,7,454.0,17,31.0
1196,0,37.0,13.0,Laptop,Cash on Delivery,5,8,367.0,10,26.0
1197,0,29.0,16.0,Mobile Phone,Credit Card,4,8,2.0,14,29.0
1198,1,9.0,7.0,Laptop,Cash on Delivery,1,5,411.0,8,47.0
1199,1,59.0,16.0,Mobile Phone,Debit Card,4,7,441.0,5,13.0
1200,1,26.0,22.0,Mobile Phone,Cash on Delivery,1,8,411.0,6,49.0
